subreddit,cluster
2meirl4meirl,0
49ers,0
4PanelCringe,0
90DayFiance,2
90dayfianceuncensored,2
ABCDesis,2
ABoringDystopia,0
AFL,2
ATBGE,3
Advice,0
AdviceAnimals,0
AirForce,2
Anarchism,3
Anarcho_Capitalism,2
AnimalsBeingBros,0
AnimalsBeingJerks,2
Anticonsumption,3
Artifact,1
AskALiberal,2
AskFeminists,2
AskMen,2
AskMenOver30,0
AskThe_Donald,1
AskWomen,3
AtlantaHawks,2
Austin,0
BPD,1
BPDlovedones,1
Barca,2
Battlefield,1
BattlefieldV,3
BeautyGuruChatter,2
BetterEveryLoop,2
BigBrother,2
Blackfellas,3
Blackops4,0
Boxing,0
Braves,0
BravoRealHousewives,3
Brawlhalla,2
BreadTube,3
Browns,3
CFB,2
CODZombies,0
COMPLETEANARCHY,0
Calgary,0
CanadaPolitics,0
CapitalismVSocialism,0
Cardinals,0
Catholicism,1
China,2
ChoosingBeggars,3
Christianity,0
CoDCompetitive,0
CollegeBasketball,0
ComedyCemetery,2
CompetitiveForHonor,2
Competitiveoverwatch,3
Connecticut,0
Conservative,2
CryptoCurrency,0
Dallas,0
DanLeBatardShow,0
DeadBedrooms,3
DebateAnAtheist,2
Denver,2
DenverBroncos,2
Detroit,2
DetroitPistons,2
DevilMayCry,0
DiWHY,0
Divorce,0
Documentaries,1
Dodgers,2
DoesAnybodyElse,0
DomesticGirlfriend,2
Drugs,3
DunderMifflin,2
EDAnonymous,3
ENLIGHTENEDCENTRISM,2
Edmonton,1
EdmontonOilers,0
Enough_Sanders_Spam,2
ExpectationVsReality,2
FellowKids,2
FlashTV,2
Flipping,2
ForeverAlone,1
FortniteCompetitive,3
FrankOcean,2
FunnyandSad,2
Futurology,0
GCdebatesQT,3
Games,2
GenderCritical,1
GetMotivated,0
GifRecipes,2
GlobalOffensive,0
GoNets,0
GreenBayPackers,2
Gunners,2
Habs,2
HadToHurt,2
HighQualityGifs,2
HumansBeingBros,1
IASIP,3
IDontWorkHereLady,0
INTP,1
IdiotsInCars,3
IncelTears,2
IncelsWithoutHate,0
InstacartShoppers,2
Instagramreality,2
JUSTNOFAMILY,1
JUSTNOMIL,2
Jokes,2
JordanPeterson,3
Judaism,0
JustNoSO,2
Justfuckmyshitup,3
Kanye,2
KidsAreFuckingStupid,2
KitchenConfidential,2
KotakuInAction,2
LGBTeens,0
LabourUK,2
LateStageCapitalism,3
LetsNotMeet,1
Libertarian,0
LifeProTips,2
LigaMX,0
LosAngeles,0
MLBTheShow,3
MLS,0
MMA,1
MMORPG,1
MakingaMurderer,2
MaliciousCompliance,2
Marriage,1
Mavericks,2
MensRights,0
Military,2
MkeBucks,2
MorbidReality,1
MortalKombat,2
MurderedByWords,0
Music,0
My600lbLife,0
NYGiants,2
NYKnicks,1
NYYankees,0
NarcissisticAbuse,1
NetflixBestOf,3
NewOrleans,2
NewYorkIslanders,2
NewYorkMets,2
NoFap,2
OkCupid,0
OrlandoMagic,0
OttawaSenators,1
OutOfTheLoop,0
Overwatch,2
OverwatchUniversity,3
PUBGXboxOne,3
Padres,2
Paladins,0
PandR,2
Parenting,3
Persona5,2
PoliticalDiscussion,2
PoliticalHumor,2
Portland,3
ProRevenge,2
ProtectAndServe,0
PurplePillDebate,1
QuadrigaCX,2
RWBY,2
RedDeadOnline,2
RedLetterMedia,3
Roadcam,0
RoastMe,2
SSBM,0
SaltLakeCity,3
SandersForPresident,2
Scotland,2
ScottishFootball,0
Seaofthieves,0
SeattleWA,0
SelfAwarewolves,2
ShitPoliticsSays,2
Shitstatistssay,2
Smite,0
SoulCalibur,1
SpoiledDragRace,1
SquaredCircle,1
StLouis,2
StarWarsBattlefront,2
StreetFighter,1
SubredditDrama,2
SubredditSimulator,0
SuicideWatch,1
SweatyPalms,3
TIHI,0
TalesFromRetail,1
TalesFromYourServer,0
Target,2
Teachers,1
TeamSolomid,3
TeenMomOGandTeenMom2,0
Tekken,0
TheSimpsons,2
TheWalkingDeadGame,0
The_Donald,0
The_Mueller,0
Tinder,2
TooAfraidToAsk,0
ToolBand,2
TopMindsOfReddit,2
TownofSalemgame,0
TrollXChromosomes,3
Truckers,3
TrueOffMyChest,0
TrueReddit,1
Trufemcels,1
TwoBestFriendsPlay,1
TwoSentenceHorror,3
TwoXChromosomes,3
Unexpected,2
UpliftingNews,1
VoteBlue,0
WWE,2
WatchPeopleDieInside,0
WayOfTheBern,2
WeWantPlates,2
Wellthatsucks,2
Whatcouldgowrong,2
WhitePeopleTwitter,2
WhyWereTheyFilming,1
WouldYouRather,2
adultery,3
alberta,2
antiMLM,0
antinatalism,3
arrow,2
askcarsales,2
askwomenadvice,2
asoiaf,0
aspergers,0
assassinscreed,1
atheism,2
australia,2
awfuleverything,2
aznidentity,2
badunitedkingdom,2
barstoolsports,2
belgium,3
benzodiazepines,0
bestof,1
bestoflegaladvice,3
bipolar,3
blogsnark,1
bodybuilding,0
breakingmom,3
brexit,0
brisbane,3
britishproblems,0
btc,0
canada,0
canadients,1
canes,3
canucks,3
changemyview,0
chelseafc,2
chicago,0
chicagobulls,2
childfree,3
circlejerk,2
collapse,2
confession,3
confessions,2
conspiracy,0
cringe,0
cringepics,2
dadjokes,0
danganronpa,2
darknet,2
dating,1
dating_advice,0
datingoverthirty,3
dayz,0
deadbydaylight,0
delusionalartists,3
denvernuggets,3
depression,1
detroitlions,2
devils,0
disneyvacation,3
dogswithjobs,2
doordash,0
drunk,3
dxm,3
entertainment,2
entitledparents,0
entp,2
environment,2
ethtrader,2
exchristian,1
exmormon,2
exmuslim,2
facepalm,0
fantasyfootball,2
farcry,2
fatlogic,0
fireemblem,2
forhonor,2
forwardsfromgrandma,2
freefolk,2
funny,2
furry_irl,0
gamegrumps,0
gatekeeping,2
gay,0
gay_irl,2
gaybros,2
gifs,0
goldenknights,3
greysanatomy,2
gunpolitics,1
hawks,2
heroesofthestorm,2
hockey,3
holdmybeer,1
holdmycosmo,0
houston,2
iamverysmart,2
im14andthisisdeep,0
insanepeoplefacebook,0
instant_regret,0
intj,0
ireland,2
islam,0
jobs,1
justneckbeardthings,0
juul,3
korea,2
leafs,2
leagueoflegends,1
legaladvice,0
lewronggeneration,0
lgbt,3
liberalgunowners,0
livepd,1
london,3
lostgeneration,2
lostredditors,0
loveafterlockup,0
masseffect,2
medicine,2
meirl,0
melbourne,3
mentalhealth,3
mildlyinfuriating,3
minnesota,0
minnesotavikings,0
moderatepolitics,3
morbidquestions,2
movies,2
moviescirclejerk,0
muacirclejerk,0
nashville,3
nattyorjuice,2
nba,2
netflix,1
newjersey,2
news,2
newzealand,2
nononono,0
nonononoyes,0
northernireland,0
nottheonion,2
nrl,1
nursing,4
nyc,0
nyjets,2
offmychest,3
oldpeoplefacebook,2
onguardforthee,3
ontario,0
pcgaming,2
penguins,0
perth,0
pettyrevenge,1
philosophy,3
phoenix,3
pics,2
pittsburgh,3
poker,3
politics,0
polyamory,2
popheads,2
popping,1
progun,1
raimimemes,2
raisedbynarcissists,3
rant,0
reactiongifs,2
realmadrid,2
reddeadredemption,0
reddeadredemption2,3
relationship_advice,1
relationships,2
rickandmorty,1
ripcity,2
riverdale,2
rpdrcringe,2
rpghorrorstories,1
rugbyunion,3
rupaulsdragrace,2
sabres,0
sadcringe,0
saltierthancrait,3
samharris,2
sanfrancisco,0
science,2
seduction,3
self,2
sex,1
shieldbro,2
shittyfoodporn,0
slatestarcodex,2
soccer,0
socialanxiety,1
socialism,2
southafrica,2
sports,2
sportsbook,2
starbucks,3
starwarsspeculation,0
steelers,2
sugarlifestyleforum,3
survivinginfidelity,1
sydney,2
syriancivilwar,2
teenagers,0
television,2
tennis,0
terriblefacebookmemes,0
texas,2
thalassophobia,3
thatHappened,2
tifu,1
timberwolves,2
todayilearned,0
toronto,2
torontoraptors,0
traaaaaaannnnnnnnnns,2
trees,3
truegaming,2
uberdrivers,0
ukpolitics,1
unitedkingdom,3
unpopularopinion,3
vancouver,1
vanderpumprules,0
vaxxhappened,2
vegan,3
vegancirclejerk,1
videos,3
walmart,2
washingtondc,0
weed,3
weezer,1
whitepeoplegifs,0
wholesomememes,2
wildhockey,2
winnipegjets,1
woooosh,2
worldnews,2
worldpolitics,2
yesyesyesyesno,2
youseeingthisshit,2
youtube,0
youtubehaiku,0
