comment_id,cluster
ef0rdcx,2
edblxcp,1
edm5u83,2
eeorin0,2
eebvwd9,2
edcobri,2
edm355j,2
edmw18l,2
ef3gke1,2
edk52o2,2
eeppq9o,2
edtuhd1,2
eebc3b8,2
efbrll2,2
eepije6,2
ef3d3hj,2
ef53k00,2
eea61jg,2
edtffrt,2
edrcrhb,2
eehzuwq,2
edmmq71,2
eedvdg1,2
eew4yk0,2
edpts0d,2
eermek9,2
edfjgzp,2
eevfe64,2
ed7ypvh,2
edgs59p,2
ed69iuc,2
ee1mqwo,2
edg1jsi,2
ed8ph2i,2
ee1413t,2
eeb7kbj,2
eeo35oc,2
edhbh2b,2
ee7b1su,2
eextheo,2
ee6emyi,2
eeftfsz,2
edvfwit,2
edb9uv0,1
ed5apbb,1
ee58hyg,1
eczsj5o,2
ed50513,2
edr4u7k,2
eeqx7wq,2
efh6jjj,2
eczt3y5,2
edoywwk,2
eeoy0zk,2
eez827b,2
eep2e4c,2
ed5mzqo,2
ee4rgm4,2
edd4bsv,2
edme1yz,2
eegojhf,1
eebited,2
eej468w,2
eeh40q9,1
eeerkhk,2
edhqkt0,2
eejj57x,2
ee5xpno,2
edtrxas,2
edwjgey,2
edt7qtf,2
ed852zr,2
ednmjwe,2
ee83rob,2
edf9c2m,2
eeenwax,2
efg5q64,2
eetzyip,2
ee5gw3l,2
eczx51l,2
efh6hdh,2
eedaspx,2
ef90jxm,2
ed6ulph,2
ee9wkpl,2
ef9684z,2
ee3asgu,1
eecd1oo,2
eer2wt8,2
efh79xk,2
ecze7gl,2
eeuc442,2
eds3i3o,2
eeq5sy2,2
edu2wtw,2
edlol2e,1
edyrt4o,2
ed296f1,2
ef4ow95,2
eegm8id,2
edrjkm1,2
eerp0ot,2
ee9amsf,2
ed7nyyq,2
edth8lj,2
ef7xmmt,2
edjl93i,2
eelke2a,2
edoq7ae,2
ee2q0zq,2
efexodn,2
eevjrw6,2
edolu59,2
ee0r3kn,2
efa3xcy,2
ee3ejd2,2
eexbozv,2
eem9882,2
ee3f3rb,2
eer61np,2
edyzi8t,2
eefaj6f,2
eex0izy,1
ed4jlc3,2
eduweu6,2
ed3svu0,2
efha6lb,2
edk6w8j,2
eeaxu1h,2
efgzh34,2
effoog7,2
edprrgp,2
eecoca2,2
eeon7ui,2
eczvyjk,2
ee9lyi8,2
eczbz1n,2
eczupcx,2
ed10dfd,2
edo2rry,2
edcxtrt,2
ef7v3zn,2
edxu4vg,2
eemt60b,2
edn5n0n,2
ed6640c,2
eecuz47,2
eevfn1s,2
eejbrh8,2
edsfr0q,1
edlolx7,2
efgsql1,2
ed2kjxz,2
eem8815,2
eezht43,2
eeav08q,2
ee2r65p,2
ee1y6nk,2
eedvtie,2
eev4xwb,2
ed4jmhk,2
eekzie6,2
eepcwij,2
ee01ex8,2
edksrx1,2
edmzn0v,2
eessxu5,2
eezci58,1
ef65r40,2
eembqq6,2
eeiirnk,2
eebippy,2
eduxiof,2
eea70j7,2
eehlqtr,2
edocn1a,2
eent75p,2
eeoyzv9,2
edhd6dd,2
educxt4,2
eefpto5,2
ef1ibh1,2
edjjvpy,2
eesci8t,2
ed8lt22,2
ef560j9,2
ee49mg3,2
eel1nga,2
eebnr87,2
efbr7ck,2
ednqyw5,2
edta2p8,2
edko495,2
ef4v6d9,2
eeqnf8d,2
ed606nc,2
eenwdml,2
edm6h8r,2
eebhe0m,2
eewgh62,2
ee0mcna,2
eewqwf9,2
ef4a1bj,2
edwux5m,2
edze0ph,2
ee42o47,2
eduvr08,2
ed3wpwb,2
efex0nn,2
eearon1,2
ed8hsvh,2
eehvb0o,2
ed61lxp,2
ef5mdvb,2
eeqk5n7,2
eemtc3u,2
effnayw,2
eepstjs,2
ef8fva2,2
ef1a4vg,2
ed4w08k,2
ee3lyo1,1
ee34as3,2
ee8zei1,2
eeahmox,2
ee8vta8,2
efex9mm,2
efd5f67,2
ee8k377,2
een0td9,2
ee58sgr,2
edn1z4o,2
efcjf2d,2
eebd1hz,2
eezi9kz,2
eez6lg0,2
ee43ba1,2
ef961hv,2
edj1ni1,2
ed6hytw,2
edc7r06,2
eeezvpp,2
eeonvnk,2
edfagcs,2
eewwnt7,2
eeqt7nk,2
edj1n44,2
edulm1d,2
eeywwvq,2
edxz28x,2
ee0qsqo,2
ee1b1ss,2
efdqr1z,2
eezuc6a,2
edopst7,2
efg8nxz,2
edg6gha,2
edwchdy,2
eexhb9s,2
edyv3td,2
efcajd0,2
ed5x4vk,2
eejx2i4,2
edl0x80,2
ef7u0s1,2
eepegej,2
ed8kzf1,2
efbv1xt,2
edoj66u,1
edj52tp,2
ed7ti2e,2
efe7lm2,2
eer828c,2
ef1he28,2
eefovtz,2
eef3ux3,2
efh62li,2
ef9ekag,2
edyttbd,2
eemqjk4,2
eeubeoq,2
ee131jm,2
eet44bz,2
ed7x09k,2
eee5vjo,2
ed5wiso,2
edjiebi,2
efe0tc0,2
efa2ndo,2
eeq6j1g,2
ed1z0nr,2
eera571,2
edtmvp1,2
edytoe9,2
ee31pj1,2
eeb0wut,2
eed8pqu,2
eebs8jx,2
edfyfla,2
eeojx3m,2
eec1t1y,2
ed7q8la,2
edj90cv,1
ee9efqt,2
eelgsh2,2
edg67xd,2
eeune5f,2
edolkf9,2
edcm44d,2
ef41t0w,2
eetvx67,2
edu0neq,2
eep0186,2
edzsn5e,2
ef67kir,2
efa3w8w,2
een9g32,2
edvegu0,2
ee5kp4w,2
efgl63t,2
ef3v6nl,1
ee5l824,2
efei2q0,2
ef6oa94,2
eev4kp3,2
ef04est,2
edext4x,2
edch3qc,2
eczs8t5,2
efg1zdz,2
ed6rd1b,2
eedk5r8,2
eesoeg6,2
eebu8x7,2
edlumks,2
eetxdk1,2
ed1l7wy,2
ee6megc,2
ee3btow,2
ee2tea1,2
eepzxwb,2
ef3zvz6,2
ee8dwt8,2
eehxep8,2
ee3snb7,2
ef0js35,1
efckwv5,2
ed7l3ek,2
edvf753,2
edhjtlr,2
ed4dz7d,2
ee8nppc,2
ef5b8ia,2
eefl3t6,2
ee7e5g9,2
eeu3o3n,2
ef2vonu,2
ee65dgs,2
efeg7vi,2
edj6zu3,2
eey5g23,2
eczdygs,2
edahpld,2
edo1prv,2
efeprzc,2
ee8ohva,2
ee1tfnc,2
ef3swyx,2
ed0mgel,2
eczi9m5,2
eecc9zb,2
edo2dzj,2
ee3m5k3,1
eexryzd,2
edcpzgq,2
edpwcpc,2
ed6i4d0,2
edizkb4,2
eelk13e,2
ee7xkx2,2
eefx57m,2
edte9j3,2
eear1vy,2
ed9hd1q,2
edezz31,2
ee8ab3q,2
ed5r5ys,2
ee58n75,2
edcge8n,2
ef3kn7b,2
ee8htkr,2
eel5yes,2
ee2t2tr,2
ef0oonx,2
ed0y8gh,2
edh5ho0,2
eef20z2,2
edxu7cm,2
ee0e4rq,2
eemu2su,2
ed6yb66,2
edhj6fm,2
eek6esr,2
eekz0vq,2
efa98ku,2
eenaj9c,2
ed9v6l3,2
eeu3wxe,2
ee4y04o,2
ee3nuib,2
een36bb,2
ee16qfk,2
ef1le27,2
eev9yr0,2
ed2azak,2
edmc01a,2
efeosuk,2
edw4gh2,2
edjyv6e,2
ee81tap,2
eeonbwn,2
edm3bmy,2
eemj6dh,2
efaqke0,2
ee1z8fo,2
edscfnz,2
efeue2m,2
eeqrszo,2
ef1bves,2
eedrq18,2
edu3jav,2
efdwter,2
ednqo4c,2
eeb16vi,2
eejbs9r,2
ed6l07f,2
ed0y9tc,2
edisk8k,2
ee0ebun,2
ed3yhga,2
edmrhkp,2
eev5tgt,2
efdlram,2
eejs68r,2
edmz6i7,2
edevgr9,2
edw2qyd,2
edlg2g9,2
ef2mr95,2
eehc9df,2
eeqokox,2
edel5ab,2
eds8y3w,2
ef8kt1r,2
ed2ai56,2
ee2zuch,2
edpflwl,2
eczep0r,2
eeo7lrw,2
ed7xwfa,2
ee34ky1,2
eduu5rz,2
ef0oo4c,2
eeatu2k,2
ed4cae9,2
ed8b4pl,2
ed9y2xd,2
edjhn7l,2
edfzswk,2
edgci3q,2
efdjtqm,2
ed7g3d1,2
eenfrem,2
ee3tzdh,2
edbwavr,2
edfpq5y,2
ed42oct,2
ed67zzx,2
edh1ijc,2
edrim01,2
ed0booe,2
ede21ud,2
ee2okxk,2
efbikcv,2
ef1cnlt,2
eeru9om,2
ee0nka9,2
ed0w0bg,2
ed2vflf,2
edadmo9,2
eesaofw,2
ee7o42o,2
eeq66ye,2
eetrwsq,2
ef93umj,2
edg5o0w,2
eeug259,2
ed5bawt,2
efemt0g,2
edev2bf,2
ee0evyp,1
ef2bva2,2
edt8gk7,2
eeuspfb,2
efdwbvs,2
eds1shb,2
ee37i0t,2
ee7kgut,2
ee10q4u,1
efd1lbx,2
eet7zop,2
ed33qer,2
ed75vui,2
edcnlah,2
edoell9,2
ee7c1ej,2
edxjs12,2
ee3mres,2
ee7p77e,2
ee52cjs,2
efesndw,2
ef8kihf,2
efggf4k,2
ee4gu2w,2
eels2xt,1
eed772k,2
eeefbpu,2
eds9dw6,2
ednjlaa,2
ed3gqxt,2
eehcoc6,2
edx3vuu,2
ef90av5,2
eewpff9,2
eeay5y4,2
efade2h,2
eedba1v,2
eczlj0o,2
edbj7q5,2
ef0he5j,2
edfpaxm,2
edrilrv,2
eeprv5k,2
ee8jpwz,2
ef0orjv,2
edm27fi,2
eeyda6m,2
eda97ae,2
edllq1v,2
edln6l5,2
edvb621,2
ef4bt2c,2
edpgpe8,2
eebnybu,2
eett96e,2
edrmux2,2
eemx04q,2
eeyrdal,2
efaw1e5,2
edm52fx,2
edo0yiw,2
efh5ume,2
eeawdya,2
eeoj6m1,2
eetxftd,2
eewbkvs,2
ee2yb8n,2
ee3f6wc,2
ed1b1eb,2
ee7n40v,2
efb9dje,2
ed75mwq,2
edlv2nh,2
edfvev7,2
ef9vqcg,2
ef4exuy,2
eebl6ee,2
ef60op3,2
efezzn8,2
edwd2gm,2
eew95u1,2
ee26swz,2
ee7tsfp,2
edjn83q,2
eeu6grr,2
edt8k65,2
eemgws4,2
edzb3ng,2
ed93jar,2
ef3w6ic,2
ee3lha6,2
ediowhk,2
edqb05l,2
ed97jwr,2
edjcd04,2
eex08xg,2
ee760bf,2
edulnum,2
eeqtqq6,2
eev5r78,2
een9a1f,2
eer0lzc,2
eebzrm1,2
efdevyt,2
ee33ub2,2
ed4vl4j,2
edo59k2,2
efbc807,2
edgcf68,2
eeqh4yk,2
ee1r8q9,2
ed4iy7l,2
eev6t97,2
edd6d7a,2
edeyffz,2
ed4jisg,2
ef0k1s9,2
ed5029x,2
efe5x7e,2
edhj70n,2
eecsr3v,2
ed1tyzr,1
ef6yq1b,2
eed4o1l,2
edbzz0h,2
eewd3xx,2
edenwor,2
edbuowp,2
eejc1g3,2
eek2bir,2
edlmw9o,2
ee50qah,2
ee9zczw,2
edibzx9,2
eew2ats,2
eff5yjr,2
ed5cwdg,2
ed66t67,2
edz37bb,2
edaiqmr,2
ef44go8,2
edswoh3,2
eeqdtde,2
eexkz4d,2
eeuhfmp,2
ee111hi,2
eetjbwc,2
ef28b6o,2
efghg8i,2
ee54fwf,2
edx28qm,2
ednpjtq,2
ed62r32,2
efdet2x,2
eenmvbr,2
ee0r204,2
eecgc6p,2
eeydlf7,2
ee9ycti,2
ee3u1vr,2
edmgbnh,2
efd0ap7,2
eeqgr6c,2
ed2jmoc,2
eetvuja,2
ed6yw48,2
ee6se9q,2
edn4k9e,2
ees6jx6,2
eeh4rik,2
eeerkcs,2
ef4yajw,2
ef4bv31,2
ed8d03l,2
edskj5v,2
ed1r59a,2
ee797hw,2
eehij4v,2
ef52iq5,2
ee9lc8g,2
eewtp9f,2
ee5sbjb,2
efc2kcy,2
eenjthr,2
ed8i5qv,2
eej7snu,1
ee4bcwi,2
ef6fp9x,2
efc39ec,2
edzar5f,2
ed65osv,2
efh124g,2
edky4ot,2
ef2nx5q,2
efbmfz1,2
ee9fdsx,2
edwaowm,2
eer7k4a,2
edlriuk,2
efea6c4,2
efb6i6p,2
eebcc3v,2
ed9ttza,2
ee68q1i,2
eek7yvl,2
ed8rmp5,2
ee7af9s,2
eecd1h9,2
edtvkjb,2
edxs7yp,2
ed2nfa9,2
eeq8hn7,2
eey1ymk,2
eebgyi3,2
edj5gq8,2
ee9veaz,2
eewj65z,2
ef1u2j7,2
eez44v8,2
edk6wrd,2
eff8wd3,2
edhj6of,2
eeoo96g,2
ef41woi,2
eeb915h,2
edr61yh,2
edbjbw0,1
ee9b7wz,2
eerlirr,2
eel48kq,2
ef7vem8,2
ef0hlvi,2
edpt0zu,2
edjqq7g,2
edcqmf1,2
edlun1s,2
edmqg99,2
edkfv95,2
eepuicw,2
ee87hei,2
eea7fdf,2
ee1iuml,2
eeumroh,2
ed4y8ts,2
ee3w331,2
eeihjns,2
efffeq8,2
ed0l1xe,2
ee3p0nk,2
ed2v0pp,2
edjx7nb,2
ed47ufw,2
ed91gzi,2
eeg01ai,2
ed6ry31,1
edka5nb,2
edg9okc,2
ed53qvv,2
eevfutf,2
eexn2nw,2
ee0bxn9,2
eesiv1o,2
edu54rq,2
edgc5hm,2
eeafgpy,2
ed4weex,2
ed6jdrp,2
ee7hqvo,2
ed4ujtl,2
ee64azv,2
eenigtb,1
eekllqp,2
eelk9fc,2
ednjdip,2
eenmrgn,2
ef81sax,2
ed05jes,2
ef69zya,2
eey7373,2
efek46o,2
ed8yt80,2
ef0ya2m,2
edweoem,2
edrhnkp,2
ee6yzsw,2
efepntu,2
eefm2b4,2
ed6idhj,2
edzcy5e,2
ee9kn76,2
ee9ao4q,2
edc32pi,2
ed81s2q,2
ed9b55n,2
ee7gioy,2
ed8xw1j,2
eevqvcb,2
ed74czc,2
ed2d7td,2
edn2x02,2
eevch8c,2
ee2mx6p,2
ef2429b,2
edafngg,2
ed9kct6,2
eeqsqyr,2
edojx8q,2
eebuqwu,2
ednvjq5,2
ee20hmu,2
ed8ozms,2
ed80qoc,2
edubzwy,2
ee7g1ec,2
ed9nv8w,2
edkud8d,2
eem090u,2
ef6huzn,2
ed2f7io,2
ef48q9f,2
eexxql3,2
eevikhl,2
ef0sphc,1
ee8op9a,2
ee8ur55,1
eeoq6kz,2
ef01y1y,2
edapeqf,2
ed9496a,2
ef1ikb7,2
ef8ymm9,2
efbqlwb,2
eer0hlf,2
eecqiey,2
ed92aak,2
ef4djgp,2
edfr3ri,2
ee3zf31,2
edp8efr,2
ed0z7bx,2
eeo928e,2
ee4k23r,2
ees1nd6,2
eerybhn,2
eeajoka,2
ed36f7k,2
edxwle1,2
eeazr8k,2
eenk5ie,2
ed5k823,2
ee36cyh,2
efan4tt,2
eeb7k1f,2
eelqrny,2
ef8i5hf,2
ef9c6g7,2
ef5knae,2
ed007mk,2
ef8cnft,1
ef96i5a,2
eenim63,2
edeu3h8,2
eenqev4,2
ed4axn9,2
ee4w2j7,2
eexy9n3,2
eedcsjd,2
edciovq,2
eem9a23,2
edhlqq8,2
ef8lrrr,2
edqb4r6,2
ef71obj,2
ef0lwp4,2
ed38c9g,2
eew0ob8,2
eewtkew,2
efg71hg,2
edgbhyn,2
ee3mzqh,2
ed19k48,2
efdfbxk,2
edrvfsf,2
eff84d2,2
eefnnsv,2
ee3ueqf,2
eeixzi6,2
edojsqg,2
eegsy2g,2
edygru4,2
eeouk60,2
ee75dvh,2
ef2kxws,2
edgdsd5,2
eefgzap,2
editsmi,2
edj8ysl,2
edam1w8,2
eedm4l5,2
eetk7he,2
ef97j55,2
ef5hb6v,2
ee68zba,2
ee3cih8,2
ee263ui,2
edb32cu,2
efdi0p7,2
eem2pet,2
eenzftl,2
ef6dqtg,2
eelf2ij,2
edgem7a,2
eeqg3gx,2
eexma61,2
edgvuon,2
eemn1s5,2
ee5oej6,2
eespqla,2
edpc62u,2
ee166mr,2
efh24wp,2
eeqpjoo,2
eem0hhk,2
ee1hrx9,2
eei4q15,2
eer8az4,2
efd8vd8,2
ee55nm5,2
ef9fc4b,2
ed0dw0n,2
ed82ans,2
eempyl2,2
eeb3qct,2
eej85k7,2
eczll42,2
edy8fx8,2
efdzf5l,2
ee2v1wb,2
eeyaru9,2
ee51rmn,2
edp09u3,2
ef4qfdc,2
edmotzx,2
eeb6403,2
ef6vllr,2
ed3ngv7,2
ee2yge0,2
eecfmv2,2
edq5gm8,2
edaa1n4,2
ed27ia1,2
ee4cx3g,2
eevyd9g,2
ed9pt91,2
ed4b36p,2
edgo17t,2
ee8epca,2
ee59sn9,2
edhqxmi,2
ef2iv2v,2
eep9j3g,2
eds5838,2
eez2zeq,2
edo8w0i,2
ef2idl6,2
edp0fgz,2
eepmx94,2
ed0hg0n,2
efbhdsn,2
eenc2bb,2
ecze0xp,2
ede8pm6,2
ed25hqz,2
edcbf01,2
edm90os,2
ee1f2mp,2
ed8adkk,2
eeypbg1,2
edjdauc,2
ee5c4dn,2
eemyruu,2
edi3va5,2
efgmj2p,2
edmpdw9,1
ees6s9p,2
eelvx1u,2
ee8kbe5,2
edofq39,2
eeiowgl,2
eeweyhz,2
ef3215x,2
eezlygj,2
eemibsh,2
ed7fgdc,2
ef3sg99,2
edaik69,2
edox6cs,2
eentw11,2
eds6zfo,2
eez0h9b,2
eekaltq,2
ef8twe7,2
ed8eour,2
edgyhvi,2
eeidamx,2
ee3jles,2
efavxb2,2
edlip50,2
ed8zhtw,2
eeatg47,2
ed2xmwq,2
eez43sc,2
eezi0lu,2
eeiqvrf,2
ed05yak,2
ed6de0m,2
ee27tbv,2
efgsxc4,2
ee0w92m,2
ee21s6e,2
eeswney,2
edy0i0x,2
edi0gpp,2
ed8145e,2
efad15j,2
edw1i4a,1
ed4dxnx,2
ee7xt3h,2
eelnahr,2
ee27die,2
edi6rr8,2
ef7fupo,2
eewxdve,2
eehho67,2
efguvv5,2
ef6emd3,2
ef75zrq,2
ed0f4by,1
ef7vblw,2
efel7hy,2
edngmbx,2
ef4bpxo,2
edjfeti,2
eds4e9r,2
edbbufx,2
eev8roj,2
ee8cvab,2
eeea1x2,2
eebaqjb,2
ee85e6j,2
eeoqitr,2
ee4ej03,2
ee7z8l4,2
ee22ncp,2
ef8akd7,2
eczwzqx,2
edrh0cs,2
eddv0wp,2
eecahse,2
eez5a8b,2
edfia5i,2
eedm2qs,2
ed272jd,2
ef9q1tq,2
eehsobx,2
efdw5u5,2
ed8sw6u,2
edha93z,2
ed1skuu,2
efa4y6t,2
ee60sn5,2
ee9pypi,2
ef7yse5,2
edw7v5j,2
efdnw2c,2
ee4znh0,2
edp6war,2
edh4tki,2
eeeif15,2
eezqn1h,2
edgasry,2
ef9ohnm,2
ef5mgqi,2
ed1o8eh,2
edd0f8h,2
edrhbcf,2
efdltey,2
ef2h3we,2
eemabvg,2
edy0086,2
edpc0qh,2
ed5c97n,2
ef2otkl,2
ef05opi,2
ed6byr9,2
efbfi6a,2
eers0wi,2
edhxjx5,2
ef90j1p,2
ef5jwti,2
eefoi23,2
ed1sbaa,1
ed02ofo,2
edpixp7,2
edfeuuv,2
ed2cvs1,2
edm5nf8,2
ed1dmki,2
ed9mwc2,2
efffzy6,2
edcsyti,2
ed0e3a2,2
eeq1ilc,2
ef0ij5s,2
eda5mpu,2
ef37fvz,2
ee1xqeb,2
ed8mg8h,2
edoce1w,2
ef2nq7i,2
eetcrqr,2
ef64o7c,2
ef3dxpn,2
edbgygi,2
edxkua5,2
edjcuwb,2
eda5k82,2
ed55blf,2
eex7r3v,2
edu7xeo,2
edcps7s,2
eet3ns7,2
eetfij8,2
eeq8aw0,2
ee73q46,2
eedpgo0,2
edb1odr,2
ees0dnm,2
eeet7x2,2
ee44n4c,2
edmgm99,2
ef7d7h2,2
edopj8l,2
eczb527,2
ed3aye4,2
eeps04t,2
edk9ju2,2
edc7t96,2
ef7bkwb,2
eeu5xfv,2
een4bz6,2
eebot8n,2
ed9ybpz,2
ed53r1b,2
ee1ru1z,2
eeny7fh,2
eecrvgz,2
eejpins,2
eec13i8,2
eeo0eh8,2
edk5qic,2
ed7yr5c,2
ef46usj,2
edl8nhc,1
efef91g,2
ed6hvsj,2
ee3gbt3,2
eda3h10,2
eemmmx5,2
eeoij1d,2
edx4h00,2
ee158zv,2
ee3sbc3,2
efddtg1,2
edjgpc5,2
ed4d9uw,2
eda2et3,2
edg8pfp,2
edk4e66,2
ed890o9,2
eek9arw,2
edh91xx,2
eegpvb1,2
ee1p1lm,2
edeevhv,2
eekvjn8,2
edtvmq5,2
edo9gqz,2
eduv9r7,2
ee3c4di,2
eeaevtv,2
eeyh2zt,2
ef4x5ln,2
edok6gs,2
eeuy61l,2
ee5ljm1,2
edrvggf,2
ed7at9f,2
ee683lv,2
edcd03s,2
eeyarmf,2
effo5li,1
ef17iya,2
ee8lvb2,2
efdj121,2
eevwhla,2
edtjb9v,2
edcgo3h,2
ee3qcuj,2
ed216ic,2
eeglrsu,2
eetp17y,2
efdg10x,2
edgwcyb,2
edkwq83,2
ednbyl9,2
eezbx0q,2
eeitygk,2
eeu8ne4,2
edrc2lz,2
edaydm5,2
eepekg2,2
edz50y2,2
eeag08k,2
edt8hu9,2
eer6s0j,2
ef7dfoc,2
eexx0t2,2
eesqy74,2
eez1vyv,2
edzn1tg,2
eeret2c,2
eeh5l1i,2
edmcu6z,2
edwgprc,2
edoom0b,2
efg7ysz,2
edk5o03,2
ef2zjow,2
eebxqpt,2
edu9ed6,2
ee2mno5,2
eeguf4t,2
eelp37z,2
eenuu2m,2
ed99jur,2
edrnuax,2
edvprqo,2
eewjvrp,2
edpjt8i,2
ef3q5dq,2
edyzdg2,2
ee6lcw2,2
ef0sw4e,2
eezg1vb,2
ee3knuq,2
ee1eh8p,2
eexw1yu,2
edkyfg8,2
edzqfex,2
ee601k4,2
ed196km,2
edrg9cc,2
eeslaya,2
eeftpc8,2
efevoju,2
edtmk0s,2
eeuxtnz,2
edcgjz1,2
ee8wf77,2
ed2a77d,2
eeaveb6,1
edb8tn8,2
ef1cp1y,2
ef0mk2b,2
eenq5a1,2
eef0m3b,2
eez9hk8,2
edhi4wr,2
edwx4xt,2
ees1sio,2
eecoe24,2
efh0jou,2
eeeznnj,2
eeddf0d,2
edpdgqb,2
edj2hd5,2
ed4s9nl,2
eegmags,2
eehiuuz,2
edrqlnd,2
ee77k1e,2
ef9faaw,2
eeod151,2
eenypu6,2
ed1rmky,2
eezrrsn,2
ee0sqyc,2
ee2xvpx,2
efg1q2n,2
ef8javx,2
eel37ix,2
ee5qmwi,2
edjuplh,2
edjy62f,2
ed3oxfw,2
ee7mzo6,2
ee5visr,1
ee3ihvr,2
edgc1ng,2
ee3vsyu,2
ef8m0ch,2
ee5mlll,2
eda3o0v,2
eeacxgh,2
eethth9,2
ee5xsw1,2
eewnjfi,2
ed68elf,2
eeg0pah,2
edeeaxz,2
eff5uct,2
edhi8so,2
ede79xe,2
eetciyi,2
eev2sm5,2
ef8x96j,1
ee2rpj4,2
ee352cm,2
ef2msto,2
efdul02,2
efbz62r,2
edosubc,2
eessu6d,2
eefmrpm,2
eehfi6a,2
eenuscg,2
ee5ks8s,2
eeq7l3q,2
eefcnf7,2
edgz9aw,2
ed8jaor,2
ed96zs8,2
ee3bbe3,2
eeqyo0f,2
ee533uv,2
eczs131,2
edcck6q,2
eeizm0i,2
edl4835,2
edxrwnp,2
edoxe00,2
eee2eqw,1
eep8b6o,2
edmfb5v,2
edm4yhy,2
efax1de,2
eewmsvg,2
ef5ytul,2
eeo4sl5,2
edjj9qi,2
eeo7tzu,2
ed3z0lx,2
ee6m5ue,2
ee1ijig,2
eedj75i,2
ee1m3ha,2
eejs5i8,2
edfe7wz,2
ef3qxk3,2
eczd0d6,2
eeglekz,2
ef7vxhx,2
edp01oz,2
eczy99y,1
eeh46jh,2
eef69gb,2
eeebrpb,2
edud7ko,2
edmuxrd,2
efh4kes,2
eevz0am,2
ef42c14,2
ed7m01n,2
efh510l,2
ee02kng,2
eeyx89b,2
ede0cfe,2
eecseq6,2
ed9p80l,2
edqyxmj,2
eeryuob,2
edjqtrh,1
edcnlhd,2
edu8c69,1
eeg781u,2
edlbtk5,2
ed1if2q,2
eezaujs,2
ee3cd92,2
ee3coph,2
eehk9ko,2
eerqx7h,2
eemqrsa,2
efa9t9g,2
eeug6do,2
ee0wnhs,2
ef6dg2i,2
eekf29w,2
ed2ngsa,2
ee7je6l,2
efgqj2o,2
ee8e6oc,2
eddvtmn,1
edr3q2l,2
efgtq8x,2
edyjqwc,2
efh4fc0,2
ed6hlmd,2
eev41wx,2
eex192q,2
eee5530,2
ef0d3tu,2
eek1brd,2
edpngo7,2
ed78oc1,2
eewpr45,2
ee1klmj,2
eewgje9,2
edgg30k,2
ee8hm9f,2
ee56tw6,2
eeugkmd,2
eevvus4,2
eeplk7f,2
ed0xthk,2
edkwbck,2
eeokqjh,2
ecznhuy,2
ee5y5l3,2
ef7w6wo,2
ed798hs,2
eeh9m0p,2
edtjlw4,2
eeitc5s,2
ee6euz8,2
eeia11h,2
ef8k23u,2
ef4vv03,2
edrl5bt,2
ed3xbt0,2
efc9bqz,2
edb32c8,2
ed6hla8,2
ee8vlco,2
ef2cxho,2
edezn2b,2
ef6kojd,2
ede3mst,2
ee2zmkh,2
ef6ot15,2
ef2kr53,2
edv05vl,2
eczxdnq,2
eeox4us,1
edf6rj8,2
edcxt0c,2
ee2eml7,1
edi4jbd,2
ee45lr8,2
eewbyf9,2
edgap30,2
edqqvhq,2
eef0a27,2
eert7sx,2
ed9fs8i,2
edy8bhg,2
ee6d059,2
eeddik6,2
eejxmvu,2
eeydlsz,2
eey3tbb,2
edieq8x,2
efh455y,2
edm75up,2
edta7kv,2
ee7hso1,2
ed90qbc,2
edpcbde,2
ed7q41c,2
eevn2au,2
efef7l5,2
edcingv,2
ed9042l,2
eezu6ty,2
ee6sf8x,2
edb8jq3,2
eeu0fst,2
eedih87,2
efb39v8,2
ee6ewou,1
edcrstd,2
eessf85,2
eczbdg4,2
edd64qn,2
efgmdmv,2
edf1yay,2
efassvc,2
ed0rexw,2
edbf4zs,2
ednpr8s,2
edg7yys,2
eerdvws,2
ed4bo42,2
een2nq6,2
ef852by,2
eexusad,2
eeedg85,2
ed6bwbj,2
edch43k,2
ef405kj,2
ed8pq7h,2
eeouu4p,2
eemv4v9,2
ed5vgdb,2
efdp4nb,2
eevf7ok,2
edy3adp,2
eevyn9h,2
eend4fy,2
eethsth,2
edaxbw8,2
edoubd3,2
efeihps,2
ef49up7,1
edq77rk,2
ee2igwl,2
ee3fvhs,2
eeq9w20,2
ee69j31,2
ed6vb2n,2
ed5xaym,2
edrrcnt,2
edowsax,2
ed6i4dj,2
ee53dua,2
ee3k68g,2
edawn9d,2
edal9dd,2
ee9atfa,2
eeq4w1f,2
eet4fvy,2
eemncpd,2
eewqlw8,2
edumhzl,2
ee5fhjg,2
ee4nruf,1
eeybzdy,2
eedr5mw,2
ee91116,2
ee2h8gz,2
edjyyj7,2
ed3cz1p,2
ed6kdr0,2
ee1nw8s,2
efe1coq,2
edvch3f,2
eeo6cbk,2
ef8t8wr,2
edi9oqf,2
ed1qiok,2
efen42g,2
ed4u48z,2
ed0rtl7,2
eext6e7,2
ed5yole,2
edlw2g4,2
ee14xhx,2
eeissja,2
ed0bdzj,2
edkc431,2
edv2y3u,2
eeibq2q,2
edj5324,2
ee5awfp,2
edlwycd,2
ef6z0k2,2
eej4ybo,2
efe1fn4,2
edbu9x8,2
edkmb53,2
ef38dvr,2
edlh0lb,2
eczfslj,2
ed12jnn,2
ee2bw82,2
ed0oz6z,2
eeshdde,2
eewfryk,2
efaw1c4,2
ed7f9ws,2
eeun40s,2
edebhwf,2
edbm5zw,2
efejs5t,2
ed3sc3p,2
edexcy1,2
edb5asu,2
eed4gkg,2
ef14a1j,2
efb71xo,2
eeu7prf,2
ed9l1gm,2
ef842wc,2
ee34myh,2
ed4vpp0,2
ee4q2du,2
edo7oki,2
ef0o2jh,2
ee206iu,2
eew1p66,2
edcmp09,2
ed3oh9f,2
efeporn,2
edaxz95,2
eeynw0r,2
eevl4uk,2
ed5uk1n,2
eetmvt6,2
edrzxdb,2
ee0p7o9,2
edb51qw,2
edj2mi3,2
ednj3c1,2
edw76wz,2
efdwpbj,2
edu7lbu,2
eegnf2r,2
edcyvp4,2
edompij,2
edk4rxz,2
edomkx2,1
eekadjx,2
ee035ml,2
eei73r6,2
ed6enly,2
eenv79s,2
efh0v6q,2
edu7fgv,2
eebptf7,2
ee36m0p,2
edwliof,2
ef4tc4d,2
edkmfdg,2
edc8h9v,2
eczkf6o,2
edj0v4a,2
edvfw7v,2
eet3jbw,2
edd24py,2
eexmx5m,2
ef3xh0a,2
edasbgx,2
ee6qllq,2
ed8xr1g,1
ed8eqmb,2
ed2flfc,2
eef9v2n,2
ed4s954,2
eewvndy,2
ee6klfn,2
edus0ys,2
ef5rwzg,2
eeby9id,2
ee8crw5,2
eds28e3,2
ed36alb,2
edrbaax,2
edhv2hq,2
ee4vo6e,2
eegw9dw,1
eectrzo,2
edbdnwr,2
ef7m2fo,2
edr0lsr,2
eea69xu,2
edopjhc,2
ee1dq73,2
ef6zc9b,2
ee9zp4z,2
ee14jqj,2
ee3yvwm,2
edrmlsx,2
edatc4w,2
eepke7q,2
ef7awsn,2
ee238im,2
eedmy36,2
edsf75c,2
ef1xlvf,2
eey9qd2,2
eedry80,2
efegdat,2
ed5b3c6,2
edxuo4h,2
ed95ewg,2
edbbcwm,2
ef4scqv,2
ef279z8,2
ee4k88u,2
ee81gik,2
ed90s5f,2
ee5mxrw,2
ednicm9,2
ef025pn,2
eedpi5y,2
eep2mzn,2
ee77wjf,2
ednmick,2
ed44zup,2
edv58wm,2
edo7b97,2
edx000t,2
eenvfxe,2
ed6alk2,2
ef6qvnx,2
ed4jyyi,2
efberue,2
efccz8d,2
ed22j2a,2
ef4g6zx,2
edk39nx,2
eeo574w,1
ed7kjyz,2
ed3pewn,2
edrrxoa,2
efh1zz6,2
eed9epr,2
eeanz9f,2
eeww960,2
eepvlky,2
efbg8k9,2
edy9hcs,2
efdw96p,2
ed8bvyi,2
eeup92n,2
ee3ow6k,2
ed70eoy,2
eekwqrz,2
efdctt3,2
ef1gm6j,2
eee78l6,2
efbe1tj,2
ee45org,2
ef3huhl,2
efeq130,2
eddb7r3,2
ed36xje,2
efei6x7,2
eetqp1u,2
ee7y33v,2
eeslrqn,2
edcnjr2,2
edly86w,2
ed2f5sy,2
edwcpgk,2
edqeoy9,2
eetc9q8,2
eezn32t,2
ef33bmr,2
ee615m4,2
ef3ss8o,2
eeqo97d,2
edo5pvp,2
efgsq0t,2
efd5pex,2
ed62gjr,2
eeuwy5n,2
eere0ky,2
ed4do1y,2
edl0oct,2
ef7ha7l,2
ed34jh1,2
ed92zjj,2
efar486,2
eeojdia,2
edjl2jk,2
ee5a6u5,2
eed42bx,2
ef9u9xi,2
efcy177,2
efdfh82,2
ed9zazo,2
eeg2uis,2
eegfjlp,2
eep6xgx,2
eefg6qb,2
efebo8l,2
eeni20a,2
eda5cuo,2
ednj5ty,2
eemm0du,2
edv7pxb,2
edjnnwp,2
ee0jkis,2
edlx6rk,2
ed8rbvn,2
eczturw,2
edf79f2,2
ee9igeg,2
edcsxvx,2
edmk7he,2
eetzb16,2
ee36pa9,2
edo4lm1,2
ee9ht04,2
eelwf2f,2
ee8lyr2,2
edgu807,2
edrwv86,2
efdy0tz,2
efb59al,2
eeqajos,2
edkuwoc,2
eetnpvi,1
eesotyo,2
eesggpv,2
eeqs4lw,2
eescgl5,2
edp15uz,1
edq6dw1,2
ed2pk8t,2
ed2o1jf,2
edg02o2,2
ee4s7pj,2
ee5h28k,2
ef4abkg,2
eey2egt,2
ee4k72j,2
ee5mwx8,2
ee40bkn,2
edhix01,2
ee0wbkj,2
eddf5dw,2
ed34dnz,2
ed8lal0,2
ed9o5j2,2
ed1h7ro,2
efg0zbt,2
eedxtl7,2
edoro8r,2
ed1p08b,2
edoxqsp,2
efekh06,2
eenjdn6,2
ee5cvoy,2
eebg4ii,2
ee5yvru,2
ef2qa7p,2
ef8fdtx,2
edbdk3r,2
ef40duy,2
edgu3b0,2
een4sd0,2
eeraemy,2
eds2a10,2
eedthgn,2
eeaqv9i,2
eex7622,2
eex4rrt,2
ef5g42t,2
edv7p4u,2
ef7djs5,2
eez0zcv,2
edez5zs,2
edkb4iz,2
eevmvgw,2
efdyrf5,2
ef3810x,2
ed183rg,2
ef8mrf6,2
eep51q7,2
eduj90n,2
ef97i1h,2
ed4i2pj,2
edr3xq2,2
ef7715h,2
ed278ro,2
eehao1h,2
edkjayz,2
ef7gq91,2
eduiail,2
ed4b4ov,2
edrab5d,2
edblexb,2
efd7kze,2
ee1lvxs,1
ef3os3b,2
ef83od5,2
eer831d,2
ef88med,2
efcr10s,2
ee5e8v0,2
ed6dge5,2
ef1tdw3,2
ed8dk9y,2
eeb1h29,2
ednjiea,2
edp0obk,1
eely1eh,2
edb9lqo,2
edheknk,2
eebvvon,2
eel0byc,2
eero9h7,2
ee4yfgi,2
edlobjf,2
edbmc6u,2
edhb8q9,2
eet9maa,2
efdmofm,2
edx1jdy,2
eddqi93,2
edh9t8o,2
ef5ux8s,2
eef8a33,2
ee41okn,2
eczmlkj,2
edlho9e,2
eev1ygb,2
eds37db,2
edjln8n,2
efgz7pn,2
edm21o5,2
edz4kf2,2
ed5u8pv,2
eeja2wn,2
eee8dd2,2
edydzyl,2
efc8mal,2
edf17ah,2
efeqesa,2
eent5rb,2
ed9qsdn,2
edhjh37,2
ee934h1,2
ef76cgh,2
ed1d8jd,2
eff8733,2
eczrple,2
ee84kcj,2
ed48rj2,2
edr22x1,2
ef7i0xz,2
ee23iau,2
een3v85,2
edt038n,2
eezojir,2
efh9p9h,2
eeawl9p,2
ed7rvi7,2
edxzwhq,2
ef39z07,2
edu1ctg,2
ee04fjn,2
eet78m8,2
eeqvyyg,2
ed4aj7l,1
ee5evql,2
ef6vu2l,2
eevahs3,2
ef9acfr,2
eees7gz,2
ef1mkdb,2
edyhwg1,2
ee27kmr,2
eeu924t,2
edoj1lb,2
eda6cfu,2
eeqv1qh,2
ef2njj1,2
eda39zg,2
ed3csso,2
eesrbo3,2
edwply8,2
ee6xhfz,2
eestc2v,2
edv2dgs,2
edv1tfy,2
ed9z2td,2
eenkzpv,2
ee7toae,2
eewpl8e,2
ef4vp7o,2
ednk0qz,2
edc84w8,2
ee4nwgu,2
ee1jrns,2
edslfug,2
ee5oadk,2
eeuu6o5,2
eegwii3,2
ed5wh4f,2
ed4q326,2
efb41oo,2
edh7okt,2
ed304pt,2
ef8fbik,2
eey7ols,2
edzdyr3,2
edafeh3,2
edtr2ek,2
eevgvnx,2
efaxbrd,2
eesnmfz,2
ed7pf30,2
eem0xrz,2
ee25bk6,2
efen9b0,2
edkzny3,2
ef5819c,2
ee1o78u,2
ed8thot,2
ee4nhjm,2
edze284,2
ef04d6t,2
eerpbco,2
eff0zzu,2
ef8vuut,2
ef6oai0,2
eeaj34s,2
eduyb0t,2
edkh77v,2
edknx31,2
eeddo1h,2
eeygmvb,2
ef8guz9,2
ee6h5m3,2
edy06jj,2
ef8qziu,2
eed0oa6,2
eeng8ov,2
ef102f6,2
edn54ns,2
edadv2l,2
eet1t0f,2
eew885s,2
eex5wtl,2
edu9s5m,2
ef8ze9z,2
ed2l9is,2
efcdne0,2
eesudc3,2
eegulim,2
ee7bfza,1
eeteuvp,1
ef522cu,2
ee42s7t,2
edvc7oq,2
edu15zz,2
edlgfsj,2
edu6aly,2
ed5cuw6,2
eep6bw7,2
ee6fae7,2
edfd1vj,2
ee0yfal,2
edlzcg2,2
edkr8ou,2
eec35bb,2
edac89h,2
eei0s2m,2
eemjitf,2
eehhhlq,2
edahdrb,2
eeoenuz,2
eelpq2s,2
efc2l8l,2
ee3vahv,2
edxj8nu,2
edcpb25,2
edwptl6,2
ef8sgfz,2
eeqzn9w,2
ed48aqg,2
eezokgk,2
ed8uubc,2
eeoh73g,2
ed1tm74,2
ee3xgs4,2
eeuqwra,2
edpmxnq,2
efgvl3y,2
eewtkdw,2
ef2sn1w,2
eensp1q,2
ed596fh,1
ef01stw,2
eeu7369,2
eektluu,2
eds6cir,2
ef89hr8,2
edh0xyq,2
ed1lkiw,2
ee7n1uy,2
ed0olkc,2
efafrcv,2
edz2837,2
eec9mva,2
ednqlt7,2
edoits2,2
ee45816,2
edpjrl4,2
eecu0av,2
edn1gwt,2
edfx5rt,2
edxsw1q,2
edldizp,2
ed9wzwh,2
edlrj6n,2
ed57vmw,2
ed62vv7,2
eew60mt,2
efcz0r2,2
edyzodx,2
efd9f5r,2
ee0de4c,2
edt0fw4,2
eepo4t6,2
ee1zqy8,2
eff2v7d,2
efgwha8,2
eep74l0,2
eezfz1y,2
eduakgs,2
eddw9ts,2
ed8j0t3,2
eewgb7s,2
ee57n4o,2
ed7zkhs,2
ee240jk,2
edh8i0n,2
efecc3d,2
eehu3wu,2
eejkfse,2
ee5hu9o,2
edo9rvi,2
ef766at,2
ed0lrm2,2
ed5cb1n,2
eephf4i,2
edhxoaf,2
ef94o69,2
ee4abh0,2
eeobv2j,1
ed6d6jc,2
edwsxfd,2
efamrxe,2
edncooe,2
edfiaqd,1
ed8ruwp,2
eefrx9h,2
ee64wut,2
edxs7qr,2
ef6vntw,2
eeu37g2,2
edthhsz,2
ednbvab,2
eeqiv6z,2
edn4v2r,1
ed941zn,2
eeodhhw,2
eevkp4l,2
edijkq3,2
ee7uex1,2
ed4nee9,2
edikcrw,2
ed6o9ps,2
ee9mh85,1
ed8a3rp,2
efgc53r,2
edjandy,2
ed9rp2v,2
ee3ctts,2
eevekjz,2
ed74mr5,2
eegxyij,2
edj314f,2
eedwx72,2
edm5t1l,2
eec53xe,2
edk10tt,2
edlejpp,2
efhc7g7,2
edy8tq5,2
eedzsg4,2
eeu5xx7,2
ef4hcsg,2
edyp8kw,2
eep1n34,2
ee7nwy5,2
edigf2t,2
eem5flf,2
ed59fs8,2
eda25gz,2
edx3b1v,2
ees9dx2,2
ee1cmiv,2
edgowfl,2
ed5r797,2
efd20zi,2
eesc1vo,2
eeurvbc,2
ee87p8g,2
eeccp91,2
ef3ty2l,2
edoxkhq,2
ee6n1br,2
eec170g,2
efbmrqg,2
eei6ye9,2
edt9nrx,2
eekrkug,2
edmusd7,2
eec5s1a,2
eexo29p,2
eekpxgu,2
edq9j92,2
ed4hmsq,1
edjfksd,2
edo1pve,2
ef0r3oi,2
ed8iq0a,2
edrbjwb,2
efbqx8g,2
ef6a67r,2
eep620c,2
edqkwjr,2
ee6telb,2
eeqnn73,2
eeaazoo,2
edrl99e,2
eeus5w7,2
edtnkfj,2
edej0vb,2
edbqx0i,2
edrvloi,2
ed8w9oi,2
efdyjx6,2
eeibfsv,2
eeq8tpj,2
eefyfj2,2
eeankkh,2
eeveji1,2
ed4tkig,2
eesaqwp,2
ee173j3,2
ee2vglq,2
ee222i8,2
eeod7vv,2
eebrp69,2
eehra8b,1
ednvw5n,2
ed36jbj,2
edjq6hv,2
ee2mryl,2
eey252p,2
eedc06f,2
eeum3wl,2
eeon4mp,2
edsgzed,2
efce92w,2
ee3056i,2
eey3bf2,2
eexvn6q,2
eeatz37,2
ed71iba,2
ef4pl3m,2
edui5jv,2
edmmbl3,2
edidsva,2
eeqxnjb,2
edqalh8,2
eeawhja,2
ee4ogph,2
eetpe9w,2
effkorg,2
edltcem,2
eevipdy,2
ee89l9k,2
ed0hw7i,2
ef6s31f,2
eexnnx8,2
edkpu7n,2
eds3253,2
eez181e,2
edbr1y2,2
edv98j5,2
eebxnoc,2
eev1o0a,2
ed22q13,2
ed8a5c4,2
eeg75qv,2
ef6u2bq,2
eet3rh1,2
ed4ghzh,2
eeqr8n9,2
edqcwq7,2
ef5quqh,2
edusret,2
ed8lcbr,2
efdalqx,2
eezeur1,2
ee4g8ql,2
efc3n52,2
ef4cna8,2
ed23jo6,2
ee8wk0j,2
ee7rvww,2
ef9gevc,2
eevep1z,2
eetm3f1,2
ee5jby6,2
ed583gn,2
ee08dl1,2
eepw0vr,2
edncehy,2
ed5lfk5,2
eevvp5j,2
edrrrp5,2
ee67eco,2
edirstx,2
eex2ntu,2
edrm0fo,2
eewlqbj,2
eeluyf8,2
ee26933,2
efgpl1u,2
ef6pvyz,2
eesduca,2
edy85fc,2
efgaso4,2
ef9vu9e,2
ef9qyyr,2
ef198w6,2
edo9zcn,2
eelih23,2
ef2akh5,2
eelgfhz,2
efbb8vf,2
ee72ray,2
ee2sbvl,2
eeyddca,2
ef1lcto,2
ee4uotk,2
edc012l,2
ed12g9u,2
edxops3,1
eesk838,2
edcwcxl,2
ee3lhcn,2
ednsst7,2
edvbaim,2
edflu3u,2
efevzku,2
eezjxuv,2
eczdu8p,2
efe2deh,2
edupszk,2
ef0b9fz,2
eeau5jf,2
edrgsq7,2
eddc0q4,2
ef0k68d,2
ee5meg9,2
ee5au50,2
eexlqq8,2
ee5owwz,2
eepyctq,2
ee9jelm,2
eff1z6w,2
ee362ew,2
edz4hwv,2
ed85a4w,2
eeu0j3l,2
eeqyq5l,2
ee6zmsb,2
eezbuih,2
ed192of,2
ed05x1k,2
eevg9qk,2
ee58h68,2
eddbxp3,2
edjoq9b,2
eetl93o,2
ee5z9vz,2
ee3jc0f,2
ede9b2e,2
eel3kty,2
ed09rln,2
ef0qg1f,2
eda0gp9,2
efgsrhq,2
ee7792k,2
ee1jq22,2
ef3iiv6,2
eer5vv4,2
ede17nr,1
edj514i,2
ef7fssj,2
eff2dk8,2
ee5ch34,2
ee02qo9,1
edmqgwx,2
ednb8vq,2
eehhtlq,2
eeufnhh,2
eeb135f,2
ee5nk9y,2
eeq6wgw,2
edosqlh,2
ednvmzm,2
edtqygn,2
effpyyn,2
eetknzu,2
eep879c,2
edcgthw,2
edetgnk,2
een73qk,2
eff3mwu,2
ee7faen,2
eeie58f,2
edv4tui,2
eedn836,2
edjup7u,2
edokdkd,2
ef75ukd,2
efgztps,2
ee6j2me,2
edijcfx,2
ed62jtl,2
eeeqm4x,2
edsvfti,1
eegjrpw,2
eet0j6b,2
eeb1l0f,2
eea3xy2,2
edpzkd1,2
eetlko5,2
eektsj6,2
efepqdt,2
ef0qawv,2
eeg15y3,2
edw77ec,2
ee6n1cr,2
eei4exl,2
edc5537,2
efftno8,2
edqthdt,2
ed5q6lg,2
ef1ze81,2
edae4oq,2
ed1hmc2,2
edd95vz,2
eeaenba,2
ed3zlsz,2
edkmhur,2
edwvvem,2
efcz8y6,2
eev8ses,2
edvb95p,2
eff8may,2
edpa5je,2
eez7t0n,2
edb3uzb,1
eeq77da,2
eehljga,2
ef010xk,2
edmdodp,2
ef4uslb,2
eefth16,2
eeknk7d,2
eel6xov,2
edp515p,2
edci3yu,2
ef1810m,2
edoz4vb,2
edki5r7,2
ef927t8,2
edbhfze,2
eepoje6,2
eeuenxq,2
ee3n0t2,2
eed5tvz,2
ef92xbv,2
ee4elj6,2
eez14c2,2
ef55f3t,2
edammem,2
eeeslbj,2
eeynzom,2
ed2szn6,2
ee6hl39,2
eefwj4e,2
ee3er1y,2
ed6lzu6,2
ef0pupv,2
edl3u2m,2
edgsfqv,2
eeznhdw,2
efb5l56,2
edq7twq,2
edp8t7c,2
efa4jnz,2
eeaj0wb,2
efhccs1,2
edihnax,2
ed2u6rb,2
ee5aa2a,2
ee8pk8u,2
ee89gdw,2
eczq8zg,2
eemekvv,2
eff11g7,2
eczsgpq,2
edm3d0x,2
ef9xqqo,2
ed43jxp,2
efgi59w,2
ee4nerr,2
eczgvx1,2
ef5t00o,2
eeuoiup,2
efdrc4w,2
ef7y8vh,2
ed47cy9,2
ee7q1kq,1
eet8jtm,2
eeva1gn,2
eegq8tw,2
eebd74b,2
ef6i65k,2
ef8ox47,2
eepos4m,2
edasewb,2
eev8x66,2
eehz96t,2
efcxtzy,2
edaaaja,2
ed1v1tk,2
eegv619,2
ed5oykh,1
ed524h6,2
edrcoul,2
ed2e6kp,2
edeo03n,2
eda2rbt,2
ef2oyg0,2
eczdt62,2
edwhebf,2
efeuxmi,2
ef9xnfi,2
ee3p1f9,2
eeiyceq,2
eebydro,2
ef8i7kf,2
edtd8c4,2
ed1hy87,2
eev86t5,2
eellrgb,2
ef9ruw0,2
eeo2l60,2
efan6kd,2
eebs3dw,2
eepw8lw,2
eewvscr,2
ee0uxc0,2
edlqwi4,2
ed4ckkj,2
ee45spm,2
ee06a2h,2
edkd0q2,2
efgyv3h,2
eeg9yn6,2
eeg5ph1,2
ef8g32q,2
edoeh48,2
ede7csf,2
ee9jtk8,1
eemucb6,2
ef87rom,2
ef3ytpk,2
edyrjtr,2
ee95vz0,2
eczt9t1,2
ef8qi2k,2
ed5c2xk,2
edxqdx2,2
ee6fw3v,2
edpsb18,2
efguk44,2
ef5pjqw,2
eegi4nw,2
eehs8f1,2
ed3rmql,2
efd5le8,2
eev5frt,2
ees2gej,2
efcy1o9,2
ed7101k,2
efec5bh,2
efeij4o,2
ee0o0zt,2
eeyavui,2
eex7fm9,2
eenknk9,2
eeyg1aa,2
edrophq,2
eey42p5,2
eeaqtts,2
edbcgss,2
eey5x39,1
eee8ir7,1
ed3cd8g,2
ee9x32r,2
ee4c52s,2
ed43wdv,2
eecrqyp,2
ededfy2,2
edmw3dg,2
ed8zzt2,2
efgengb,2
ed6f0es,2
ed1pgr8,2
eedhn01,2
effxjq8,2
edke9ko,2
edobw1c,2
eejxksu,2
eene4a3,2
eeejnff,2
eeboyto,2
eecii6y,1
edn8rx1,1
eegixpk,1
efgpp1c,2
eelexo7,2
ednxz0d,2
eesbtoq,2
ef2htc8,2
edj5eqp,2
edt9kyq,2
edabbvs,2
eeyn44s,2
edla59q,2
edhpehj,2
eepsg2g,2
eeubqp4,2
edygdp1,2
edw704d,2
ed448cc,2
ef7ekkf,2
eebqx9t,2
ee9p571,2
eetzsln,2
eexm2zf,2
edcc5nb,2
edo02vy,2
ed7j709,2
ee11whh,2
efc3twj,2
eeo249z,2
eeshgsp,2
edy0ygl,2
eeg4u5f,2
ee7p9nr,2
eefx8tg,2
ede34v4,2
eeqw4lv,2
eecatzw,2
edvatnq,2
eex11qh,2
edyo2e9,2
edable2,2
ee46o46,2
eeg30of,2
ef35g63,2
ed4m5zc,2
edkhvns,2
ed5wqq5,2
ed7rs6b,2
ee117v5,2
edoldsv,2
efehhwv,2
eeox4xv,2
ef7ghie,2
edoiell,2
edaawpu,2
ee2ke4c,2
eem4t9e,2
eddch4h,2
eda17e2,2
ee0xhnq,2
edzjzj3,2
eexs6eu,2
ee6e35v,2
efdi5nn,2
eebhfg7,2
ee309an,2
edjap67,2
ed37s14,2
ees6exv,2
eeusb0z,2
edits51,2
ee6jp9c,2
edcdy1m,2
edi0iyi,2
eeam7ps,2
ef8zexy,2
eeqvi3v,2
ef8el3u,2
edjp84l,2
efg4sn4,2
ee8p72a,2
eeed7k5,2
efel74t,2
efalldq,2
eedse0n,2
edzrt66,2
efetf41,2
ee9tq0f,2
eef9dvo,2
efeuou9,2
eed9k5y,2
edqp6eu,2
eff6pd9,2
edbyfsl,2
ed152md,2
efcr4cm,2
eeoue0p,2
eee81m8,2
ef3l3fw,2
ef22fuy,2
eda7q2o,2
eeqrsqm,2
ef10ar6,2
eeosphh,2
ed1mvgz,2
edjwcqi,2
ef4h6p5,2
ed2feug,2
efgolr1,2
eerlv66,2
eepq3b9,2
edisutn,2
efa25dl,2
eeixwv9,2
ee0p72a,2
ee88qxx,2
eezj3y2,2
edmnf28,2
ee4igo1,2
ed386ft,2
edq9b0n,2
eecqtnx,2
edi1d66,2
eear7qn,2
edzsf1m,2
ed6sa19,2
ee5vvau,2
edrcnmk,2
efg4vnu,2
ef95ek1,1
ee57zur,2
eewltdy,2
ee7dswr,2
ef228qm,2
eero0q1,2
ee58og8,2
eec5vmr,2
ef3ypgj,2
ee1f8fc,2
edu78wt,2
eea87dj,2
eesm3ij,2
eew1vex,2
efar8th,2
edzzetn,2
een3k7h,2
edmr4vc,2
ef6ie3z,2
ef7rv7u,2
edcydnj,2
ee840w4,2
ef4d4wa,2
eesirne,2
ee5s00w,2
ed5jywc,2
eejfwtq,2
ef4dmyg,2
eef3j6m,2
ee4v3ts,2
ed9wqre,2
ed4cqz2,2
eff69bi,2
eer0jib,2
ed4vmnc,2
efftzkz,2
ef12jwf,2
ee07mgj,2
ed452ih,2
eemedcb,2
ee7n2kl,2
ee3l7at,2
eez85aq,2
eeamt6g,2
eeo4054,2
ee5q1q8,2
edi3s90,2
eednqst,2
edap1i5,2
eepebzy,2
ef8hlyp,2
ee5547e,2
eeen5tg,2
eeweell,2
ee5sqok,2
ef25xxu,2
eekqlwr,2
edocqjn,2
eekwv92,2
ee1olvc,2
eem1adt,2
eexj27l,2
edm6jth,2
eeae0v5,2
edt9mpk,2
ee0bp51,2
ee2mthu,2
eekdsmx,2
edcg01b,2
efgmx8m,2
ee5pu6m,2
ee8d0mo,2
eczrjo0,2
eexx4hm,2
ee8y2lh,2
eefutg1,2
edtq7ty,2
ee3f964,2
edyetea,2
eeye9sw,2
ef46vv0,2
ed2k26n,2
eev05mv,2
ee0t8ar,2
edc01ec,2
ee06ngc,2
eetbovb,2
ed0e796,2
efcbimr,2
edwfasm,2
ee0fxpu,2
eek294p,2
eey6hus,2
edri420,2
ef60sbj,2
ef2bj7q,2
eejdqkt,2
eczwaho,2
eeruwjf,2
eewiqbr,2
edvnz26,2
ed4pw4n,2
edp43rg,2
eel0no2,2
edlb487,2
edtv2uk,2
edrgrc0,2
edec7ix,2
ef2fai7,2
ed056y7,2
eepwnbf,2
ee87aji,2
ed5o11j,2
eecw2v0,2
edia7h8,2
ee0nitt,2
ee97d3s,2
ef7x1e2,2
eesiypi,2
edur06y,2
eepvdq1,2
edyhf66,2
edhqmcg,2
ed2xzyg,2
eeuoaev,2
edne6fu,2
eebdvol,2
ednxudl,2
edlo3sq,2
ef0zs2h,2
eena42i,2
efb9xhm,2
eew6mmm,2
eedpjfa,2
efdlgpy,2
eeuuxha,2
eevicpm,2
edekasc,2
edkusrq,2
ed7b0ig,2
eeui4d1,2
eec8sqs,2
eei33tl,2
ed8o43a,2
ed3ja43,2
ee6qbjy,2
ed44crb,2
ee79w6s,2
ef8cc9j,2
eedw0bb,2
edrr11v,2
eede8fg,2
ee7vbi1,1
edxyv64,2
eedsu17,2
eepnjc3,2
edqssvy,2
edqy7bh,2
eeom73s,2
ef7zx05,2
eeh2pov,2
eczzce6,1
eezba1w,2
ed3evc6,2
ef7lwbu,2
ef906at,2
efdvlyn,2
ee8s74p,2
edmazye,2
edtbudf,2
ef7hkos,2
eeb2rl7,2
edulavo,2
edvvtnh,2
ees90ku,2
ee6w7t2,2
edjuh5b,2
eeg3sf4,2
eejjhbs,2
eerrxjg,2
edsqagd,2
eec4mi0,2
ef9kkm5,2
edextm3,2
ed62dkv,2
efebdnp,2
edd64px,2
efbgsvp,2
ee04gzh,2
ee2lzws,2
eda9c68,2
eez55ml,2
edi6htm,2
eeveave,2
ee4r2px,2
eex3wjf,2
ee1ehum,2
eelyvx0,2
ed2z4ul,2
eenh7t2,2
efak617,2
eextepw,2
eem0bwk,2
ed5vqej,2
eedgisf,2
eep9dgf,2
efe4017,2
edcis6q,2
edm8n7q,2
eeyiizn,2
eebzfvp,2
eejesy0,2
efc5ozl,2
edbf401,2
eerjl5w,2
effgmrh,2
eennfsp,1
eebfx2i,2
edbnadp,2
eeg8ezh,2
edpcomy,2
edd08eu,2
eexg7m2,2
edfwc30,2
efe0fbe,2
ee28b5b,2
efepx9v,2
ee454s8,2
eeamybs,2
ef0xh81,2
edt8ev8,2
eeojxqm,2
efgit9z,2
efcmvd4,2
ed36w88,2
edcbw79,2
edqpx9b,2
ef37jbt,2
ee1rxlp,2
ef8jmo1,2
edd9j4w,2
eerl1p4,2
eepeuzv,2
ee9hqqz,2
ee34lij,2
ef268pc,2
ee6gib3,2
eeptkg2,2
eddq2w7,2
ef2p89m,2
ef49tmv,2
ed6wljw,2
ee69srs,2
ee4nmzb,2
ef6bs84,2
eeayk1h,2
eetbxhz,2
edjs9g8,2
eejhhme,1
efar4gd,2
eemn5v2,2
edhaa07,2
ed1u2wi,2
edj9780,1
eczprz3,2
ed0k0sn,1
efbm598,2
eeesze3,2
ed8jnsn,2
eekt1q4,2
efft7hb,2
eeei0zg,2
ef7r8yk,2
efglqwj,2
ee4803k,2
ee3gnjc,2
eecs9wn,2
eeuyriw,2
ee4buzn,2
efasb6d,2
ednfhd9,2
ef46fcb,2
ee73v9y,2
ed3xdc3,2
ed3xnaf,2
ed2vu8w,2
eezq2jy,2
edbsdj3,2
efbiz9x,2
eeyr148,2
eexnbix,2
eebf3ux,2
eel7dma,2
eezsisy,2
eehqjgx,2
eff4o3x,2
ee6u88a,2
edr9gz1,2
edz45t9,2
eeyh7yx,2
eew9ubu,2
eehv6ub,2
edrxyzz,2
ed5n80i,2
ef89ms8,2
ee4rp0j,2
eeknhwx,2
ed4fe9l,2
edj1nta,2
eeqpy2f,2
ee7s8ai,2
eff3d6q,2
eehvc3x,2
ef3whrq,2
edo596m,2
edrni6g,2
eemk0hv,2
ees5yb3,2
ef6va15,2
ef6e899,2
ed1jtqo,2
eeia0fo,2
ed8hn3s,2
ed9h1fn,1
eelisuj,2
edghgjb,2
eex56h9,2
ed5269y,2
eefsv04,2
ee232zp,2
efg73g8,2
efe6wvx,2
eem0tlc,2
ed12ufc,2
eevsd4k,2
edbdtxe,2
edzijx0,2
edmgwkb,2
ee4ztho,2
edncf9f,2
eemjtpw,2
edeusbs,2
ee6c630,2
edpk69q,2
eew4e9a,2
ee5ybue,1
ee6tu6y,2
edk11uk,2
eer4t43,2
ed1gg7d,2
edv2s3f,2
ef84uva,2
edpxzyl,2
ef22xix,2
edo5k60,2
efclb5u,2
ee8svfp,2
ee1a7z1,2
edhyayy,2
eecp1lg,2
ee4mb0s,2
efdsksn,2
eetgpak,2
edzstm7,2
ed4vtk8,2
ed1rnvi,2
eeafigq,2
eelg8f1,2
eexqh2p,1
edutpey,2
ee5zmcy,2
edhccyv,2
ef2l0gt,2
ee9si6b,2
ed3cr4y,2
ef0uimt,2
ee6hone,2
ee4fchx,2
ed0cg1t,2
ed345x4,2
eee021b,2
eez3xwj,2
edcktsz,2
ee35vmv,2
ed2y4cx,2
eeaos50,2
edleb21,2
eemuodd,2
ef4qebe,2
eessfbc,2
efeqjff,2
edlscae,2
ef139nt,2
ed0j32s,2
eenvnt1,2
eehxakc,2
ee867uh,2
ed5dbu7,2
eeyx4g6,2
ednqozh,2
edaegtk,2
eczqguq,2
eddevc6,2
ef5rdx1,2
ef8fdpa,2
efdhza7,2
edm9jtc,2
eddvlos,2
efefusx,2
ee5xx4i,2
eeffwuy,2
edcfuk0,2
ed76nsl,2
ees4ccl,2
edx9uab,2
eeavjww,2
ednrxbf,1
efelkwu,2
ee7zchq,2
ef0v2v9,2
eddswag,2
eem5t2j,2
ee1ieui,2
efgc56d,2
eelt1e5,2
eczscqr,2
edfqvtk,2
ee2krnk,2
edwu7p4,2
efgxis5,2
ef5akx4,2
efavuu0,2
eeahw8d,2
ef4cjhg,2
edm95ms,2
ef5ti2f,2
edl3xeg,2
eemdqjz,2
edmht59,2
eex8ev4,2
efgm5lm,2
efa065f,2
ee6yy7k,2
ee0v0ma,2
edjroaq,2
efgepry,2
ed71ytt,2
ee8tcw0,2
efa2qrc,2
eekzhex,2
edudsx6,2
eevsi18,2
ef80red,2
eegpg1e,2
edpvhn0,2
ee8xi3n,2
eekz7l1,2
edld84l,2
efb7q2j,2
edmvfdn,2
ed6dlqm,2
eds9m15,2
eezkga5,2
eexgn84,2
edlodyl,2
eeml9um,1
eey5glt,2
efbh5se,2
edm7z6m,2
ed5pfvl,2
edl52in,2
eff9fcl,2
ednrutx,2
eed7mx1,2
ef9c7s3,2
ee9xmgw,2
ef0p01k,2
edua195,2
edwljgo,2
eeqkb6e,2
edaq9ar,2
edg75do,2
eeqmf3e,2
eer5v7o,2
eek943o,2
ef4fxyl,2
eek7c72,2
eeldvxt,2
ee5quyf,2
eepdkca,2
edjp2ud,2
ee2lpe5,2
ef6hdk0,1
eeiayw5,2
ed5ry8k,2
eeilrb1,2
eei23ld,2
edjd35u,2
eebrbi2,2
ed0khbn,2
ee9flsk,2
eeu5mfp,2
ed35ory,2
ed6x1g3,2
eely1w4,2
eek9764,1
ef339cm,2
ef5cpop,2
eeecutl,2
edtbfj4,2
eehn84m,2
efgto6z,2
ed55h8g,2
eejvzru,2
eelii1f,2
ef7rd9b,2
ef5idor,2
ed9iarl,2
edryagm,2
efg3clo,2
edh1jmz,2
edsxvih,2
ed52ler,2
efdbp5v,2
efd6fhq,2
edlhv4w,2
eduiuel,2
edddtgj,2
edlcohe,2
eepn62z,2
ed2dkl8,2
efaxjh2,2
ee6xm1a,2
ed285wn,2
effqmde,2
eeuobn9,2
efe9bpj,2
edr5x1l,2
ed6g6vw,1
eeb64gj,2
edvjr6h,2
eebpm1k,2
ed9dezg,2
edrk6ol,1
eeglh8d,2
eebbvz5,2
eeymfw1,2
edh93ii,2
eefbq4h,2
ef8hjad,2
ed7cph7,2
ef74kw5,2
ef6ujox,2
ef5yy7d,2
eefzrjz,2
ed0uebn,2
eenwl50,2
ef8zre1,2
effi67a,2
eehmhml,2
eehqoet,2
eejokob,2
ee8zohg,2
edae1qg,2
eeyow72,2
edev4v4,2
eehqa78,2
edxa535,2
eeulnl8,2
edv1k4n,2
eeqxhud,2
ee715j6,2
ed7ryas,2
ef6ejan,2
ed9zu79,2
edottot,2
eczwd4q,2
efdyhp8,2
edod3e6,2
eew1fwh,2
edoqdvp,2
ef0rwjg,2
eeeccep,2
eer0aiy,2
ee2f4ik,2
ef1betm,2
eedyb68,2
ef4z07k,2
eddqnxf,2
ednxza2,2
eexqr9n,2
ee6pfli,2
ef652k5,2
ee31jr3,2
ef5x68x,2
eezicrw,2
eez3x25,2
edgk14t,2
ee1k6eb,2
edh7eu3,2
eepzj25,2
ef86tnf,2
ed2q9f7,2
edaya61,2
ef34o9n,2
edopfmg,2
ee5fqwe,2
ed3ymb1,2
ef8avn8,2
ed00251,2
edjg9eg,2
efgvu5l,2
eeqlp8r,2
edbrkia,2
eeperr0,2
ed6a4gy,2
edya1ne,2
edjp1e1,2
edqemsx,2
efe0x7m,2
ef4bbeq,2
eemk68x,2
edconw4,2
eev5skw,2
edwrnhz,2
eev207a,2
ee210a6,2
ed5u38w,2
edirxew,2
edldyc5,2
ed4ps0g,2
eelpp19,2
ee1solu,2
eeuaw08,2
ee20iky,2
ee3d01h,2
eeq09b4,2
efa14r0,2
eer8hah,2
eehiwo8,2
ed7v1ke,2
ee5vngx,2
eeue745,2
edghc8y,2
een5nkr,2
ee5ed42,1
eekkdxi,2
efblfko,2
eep9opw,2
ee9ikv8,2
efb8tqn,2
eedyji1,2
eesgs7l,2
ef8qpur,2
ed43afz,2
ef0wu4x,2
ef5hr3x,2
edo2b6u,2
edjalz8,2
ef38ybj,2
ef7bmd9,2
eefk0r4,2
eezubel,2
effus0g,2
edbyls6,2
eddhac3,2
edd4m3l,2
eel3fi7,2
eelmfku,2
edw2zrr,2
edo1tfn,2
eerfg5w,2
edim0uu,2
ee7t63n,2
edger4z,2
eddqe3l,2
edftzmy,2
ee8i467,2
ef8wv0n,2
eeoa20u,2
ed3s65e,2
efdpzme,2
efhc5j2,2
eda0fhi,2
ede96fj,1
eevkh7r,2
ef9e2m7,2
ee3zpv6,2
eecni0p,2
edlfpxw,1
ee8xgzm,2
eekdonu,2
eegxi7v,2
ed6d9kg,2
effdcjz,2
eel2x00,2
efdl4z2,2
ee692im,2
efcdnak,2
ed8dj6a,2
eenuy6x,2
edomif5,2
eff64c1,2
ee38ik0,2
ee6sme8,2
eeyik0y,2
eet6qza,2
eenkrlp,2
edt9r1i,2
eeu7oxg,2
ee0x1jv,2
ed7ocsf,2
ef209er,2
edxr996,2
eeovxiz,2
efa69r1,2
efe3fqo,2
eewt99w,2
eeuxpj2,2
een3izh,2
ee1p06n,2
ef6clq1,2
ed3i6z6,2
ee8stlx,2
eeihcmk,2
edx4q0j,2
ed0eqa1,2
efgg5m6,2
ef2ot38,2
ef45rdo,2
eewdsd5,2
eeya7v9,2
edc6je2,2
ed80rw6,2
efgbys8,2
ee3m4ur,2
ed3uc38,2
efe7jwz,2
eer5voe,2
edpc3w7,2
ee1ka2g,2
eepfkmr,2
ee09tgz,2
edxhsbh,2
ee7thzn,1
edmiuh0,2
efecu14,2
efbu4mg,2
ee4zaa0,1
ed4mdpv,2
eeut8dk,2
edncm8s,2
ee0ww8s,2
efblopv,2
ed4hxuv,2
edbbu5t,2
eeiq2eg,2
eef9wd2,2
edkqmxu,2
eege7y2,2
ef9l72p,2
edcxo64,2
ef1fm7q,2
edizzc0,2
eefmv5g,2
ed4qga0,2
ee83po3,2
ed8lg3z,2
edctrnk,2
ed7uqdq,2
edm88de,2
eeh30n8,2
eeergfw,2
ee3iueq,2
ed3ejdx,2
ef9f2fx,2
eevt50a,2
ed8lebf,2
edb516f,2
ee2gh67,2
eczkjwy,2
edti0ld,2
efbfkzo,2
eeu8okj,2
edtet5d,2
ed1uam2,2
edlff90,2
ee4ps32,2
eek1a78,2
ef3dq88,2
edn2o9x,2
edvq6ov,2
eehgiq5,2
edxnzsf,2
ef5pa4y,2
edgj1fd,2
eer447c,2
edj0aei,2
ee8be44,2
efbxv1j,2
ee85xzg,2
ed8jmfo,2
eed3qpr,2
eefjql8,2
ed64rqg,2
eeybwve,2
ed9048c,2
ee5uujw,2
edgnaya,2
ef6t8vg,2
ed6dxeq,2
ed361iw,2
edo0ozh,2
ee6dgmm,2
efgz2st,2
eer86hq,2
edkprex,2
edwddhp,2
eeouc7z,2
edygiwr,2
efaylcs,2
edlycky,2
edktuuk,2
eepkg1u,2
ed3n9hh,2
efcth35,2
ee38oa9,2
eeglgxa,2
eeb3syw,2
eezyo7k,2
eeaxgil,2
ee2c9fi,2
edsyska,2
efgm2za,2
eedjyil,2
eehvvsb,2
ee3gilu,2
ef3xr3a,2
edb5fma,2
ed2a2km,2
eexjyl5,2
ef0ca8q,2
eepr2h4,2
ee1ttjn,2
edrrx9c,2
ee2t6h9,2
edkm2y5,2
efcx17l,2
efea9x3,2
edks7bu,2
eezmjs4,1
ed1gego,2
eetuw5l,2
ed357mz,2
ee0h0tq,2
ed69k4g,2
ed338fi,2
edvqpif,2
edx2r8z,2
edx2onn,2
eer8peo,2
eemhygd,1
eel5s8k,2
efe1k0p,2
eej6pw8,2
ed6p459,2
edr986c,2
eelbdoj,2
eevxyn5,2
edcfci5,2
ee6femf,2
ee1nvu0,2
edxubzh,2
eedddco,2
ef0mln4,2
eem5emd,2
ed6r4ra,2
eetmb2z,2
efcyygb,2
edmkm90,2
ee2km3v,2
ee2msue,2
ed3kn8e,2
eec8c20,2
eee9b0g,2
ee4q64p,2
ef7fa3l,2
eeem1iu,2
eev9uwr,2
eeg95d7,2
ee2j1xo,2
eefsle0,2
eds67fv,2
efbeax9,2
eferc2f,2
ed9vzc6,2
edfxdi7,2
ed7eu1y,2
ee143e1,2
edmexqg,2
eeeep3h,2
edxy2z9,2
efcca27,2
ee766vv,2
ed5duyn,2
ef7dy85,2
ede4eb7,2
ed539gj,2
ee4ly03,2
eddkjlj,2
ee3gfo0,2
eehla6e,2
eekfsir,2
ed98xx2,2
ed7tyrd,2
edopx74,2
eeflasc,2
edule6q,1
edlppkt,2
edflbkd,2
ef4nfkp,2
edao8me,2
ed8ydos,2
edb5y8z,2
ef3v76i,2
edo728p,2
edcrfz2,2
eej2v2d,2
ede2c6b,2
edwu8c9,2
eexelr5,2
ef6nnh2,2
edpo6gi,2
edzs6nr,2
eeyg00b,2
effba0q,2
edm7igz,2
edyjwz6,2
eesypcd,2
eebcsjz,2
eeca7de,2
eddx67e,2
edauqtr,2
eer9s5f,2
eeif80j,2
ef6js80,2
eejvjpm,2
efekm0t,2
edpf05v,2
eddpvrt,2
eerizdr,2
eey7h2b,2
eea9xxx,2
ee3jbhn,2
edd2ez3,2
eew6sxz,2
ed9i9ya,2
efd6fvz,2
edioyjo,2
edcm6g8,2
edx8s1o,2
ee7fboh,2
ed9s7qf,2
een0bxd,2
eeglsgh,2
eezbug8,1
eearbor,2
eednmbs,2
edfebf0,2
efdcg93,2
eelizvv,2
edgfanu,2
ed3ek8e,2
ed1vbq8,2
ee0ro0a,2
ee3cgjs,2
edmlaih,2
edkycop,2
eezegkf,2
edgzmuz,2
edur9iz,2
eeozg2k,2
eefesug,2
edk4lg2,2
edn8muk,2
ef23y62,2
edp08zt,1
ed9x6ys,2
eexk5l0,2
ed36lyd,2
eecfrrm,2
een7yay,2
eeeyl8j,2
ee4kcvq,2
edu2jqs,2
ef4fnoq,2
ee13r2z,2
eeifbh0,2
ee29kyq,2
efb9u8y,2
ee6yjv1,2
edov5np,2
ednhb8p,2
efd9q5o,2
eezoyq2,2
eda7udf,2
ed9q34r,2
eeehi0a,2
efeghis,2
ee5fwxd,2
eetycos,2
efgc1yn,2
edoxzrj,2
ee3garm,2
ee6nfex,2
edf2wbv,2
eev0tey,2
eeiefui,2
ef4x5ph,2
eezgysw,2
ed5uvsf,2
edcttl6,2
ee3al9h,2
edlaazh,2
edgw4p9,2
efagcjp,2
efgi10r,2
ed68hiq,2
eeu9urb,2
ed61oj2,2
edka83g,1
ef0qqe4,2
eeeni5f,2
ef52m5t,2
eeejzh3,2
eduv4xq,2
edn7eua,2
ed5ggob,2
eeno43u,2
eevsc97,2
edowgwa,2
ef8jhlq,2
ef6g0iw,2
ed701uo,2
eey8p8y,2
edt9y8s,1
eev8dy9,2
ed4yom3,2
eeq9w4n,2
ee8gcqu,2
edoraiq,2
edacofe,2
ee6015h,2
eeha58g,2
ef6goma,2
eeq6do9,2
efgu3xy,2
edkbqug,2
eeog8mq,2
edhwfdv,2
edi13bd,2
edho3ej,2
ee8rsdy,2
eey74ks,2
edfn8rc,2
ef2kq3x,2
ef14e0u,2
eeznly8,2
edv9e8a,2
ef2knw1,2
eefra8z,2
eewmkmf,2
ef1vdqq,2
ee2w26n,2
ed46tmd,2
ed6ih69,2
ed8vqt2,2
eepivdb,2
eezliei,2
ed79rcq,2
ed3cvxm,1
ef4dalr,2
ee35djj,2
edoq9ki,2
ef21zjo,2
eejyj3o,2
ef7l3z9,2
edmd1re,2
eechjay,2
eec7f4d,2
eekuvjn,2
eeiwd8o,2
edzfm03,2
ed452gx,2
edh75l8,2
ef2uge3,2
eeuia37,2
ef4vtyk,2
edctt7f,2
eebu17b,2
edexcpl,2
eeg8r37,2
eehjf12,2
eel5j4f,2
eesd3jp,2
eejmyhx,2
ef2ba1p,2
ed5y6kk,2
eepmyku,2
ees4otx,1
edgawvb,2
edux9ll,2
ed2e3ds,1
eewx9u0,2
efg27pe,2
ee4ywjo,2
eeepmng,2
eelp2gu,2
ef3ownu,2
edroubn,2
eers89o,2
eekfbsb,2
ee20eyf,2
edhe3h4,2
ef8pwo7,2
edi91jt,2
edlrc44,2
edozpuh,2
ee4yofu,2
efhca9f,2
ee7cmpk,2
ef0abcc,2
ef4tutr,2
edctzg2,2
edv46n8,2
ef066tz,2
edprrzj,2
efh82rs,2
ee1oxl5,2
ef3keoo,2
ee6xopv,2
ee5ubym,2
eek4k6u,2
ef8yz7h,2
ee13ukm,2
ee5zpvn,2
ef86s3l,2
eesyxb4,2
eencbzn,2
ee0moh8,2
efh9z35,2
ee2yq0u,2
ed1k0vl,2
edw6nao,2
ed8kynu,2
ed6pyij,2
edmm57v,2
ed9x026,2
efdyz0m,2
eerzeix,2
edpino9,2
edy5j4g,2
edv9tyb,2
eet9pkc,2
eeungao,2
eed51wg,2
ee3iqzx,2
ef5wc8o,2
eetlb6o,2
eebu38e,2
edp8zba,2
ef1gptk,2
edpnax7,2
efdmjt5,2
ee10mx3,2
ed9ye5a,2
ee7wh7d,2
efeojyv,2
edlwpgx,2
eekeqsg,2
eep4ylt,2
eeawjtg,2
edgn21p,2
ee3u8w6,1
eetfa4o,2
eff1kgh,2
eeoiqz1,2
ed4vuem,2
eet4gbe,2
eeiq93i,2
ef1h3do,2
efegrrd,2
efb5g8u,1
ee2owrm,2
eey5ppz,1
efb0h8w,2
efgv0i1,2
ef4qrbp,2
ed9zk49,2
een5rbr,2
eewin7m,2
edbbnj9,2
eehd59x,2
ed1r16r,2
ee4v7yr,2
eebbczh,2
ee8u5o3,2
ed8wz7u,1
edm7fut,2
eew6qkv,2
eeoo6mi,1
eendi8n,2
eew0ush,2
eepwr81,2
eez3nop,2
edm7575,2
ef0twwy,2
ed0s890,2
eeq5rpr,2
edlv5vz,2
ed3stkw,2
edrd2y2,2
eekexwv,2
efb5v0b,2
ed5030i,2
ee3oeje,2
ed73okq,2
edlm1yy,2
edkeqxu,2
edg2gc6,2
eehnpae,2
ef7jx4r,2
eejnctn,2
edzsccr,2
edwtiqi,2
ef3ptgs,2
ed9ehs4,2
ee8d7tz,2
edlfnks,2
eekzzhy,2
eew61mt,2
ed2lu9j,2
ef729ao,2
eebrmus,2
ed6521u,2
eezrdgg,2
edk1egl,2
efgt3ui,2
efc30no,2
ef0udgg,2
edz5g4a,2
edjvhp9,2
ee5rtqg,2
edl4x2r,2
edvjkph,2
ef24q2e,2
efg65s0,2
edyuuu3,2
effc3o8,2
ednr7vr,2
ed7p7i7,2
ee215ib,2
edjakws,2
ee9rdpv,2
ee78swv,2
efedyq1,2
edulkmv,2
ee6oqfv,2
edqbrv7,2
eep8rx2,2
eedam2p,2
ee6hy4i,2
eel0xfj,2
edj5hyd,2
edg2wcq,2
ee54lbj,2
eeb4nc1,2
efendxq,2
eelu0jh,2
edjmihp,2
ef9hhwq,2
ed929gb,2
ef16doh,2
eezm4xh,2
eemp8sy,2
ee1fnks,2
eff040g,2
edaahjw,2
ed9ifsz,2
ef35thg,2
eeik8dd,2
eeg165o,2
edybde1,2
efekrve,2
ef7d33o,2
edknk9p,2
ee3i7j4,2
efdypr6,2
edbcis5,2
eff3zwi,2
ed1fter,2
eepczrq,2
edmjwl7,1
edeva3y,2
eewboco,2
ef39ydq,2
ee70evs,2
ee9dd79,2
efficjb,2
ef2ug38,2
eeqc1me,1
ef8pvma,2
ee0ly2z,2
edo52rn,2
ef2ja0j,2
eeeu1d1,2
ed2ln7z,2
eelr0ek,2
ed6guhc,2
efa5a6l,2
ee01d1u,2
eewb446,2
ee3kb9y,2
ee2gc6b,2
ef1hwbl,2
edcne00,2
efc8kea,2
ed4u1kq,2
ed3qb11,2
eeuhbf3,2
edjaucb,2
efgvpn3,2
ee980zm,2
edjrc1q,2
eds38zz,2
edl0shf,2
ee7vnqx,2
eemf54e,2
ee6xn8e,2
edj5d91,2
ef6whkk,2
efbsy8v,1
eezz076,2
edy0zdz,2
ed2q3k7,2
ee9khqj,2
edmuk69,2
ee9quk1,2
edsufep,2
eexozgv,2
efakri7,2
edub9tx,2
ef2vkj4,2
eegtvzk,2
eet0p4e,2
ed4h12x,2
ef9b27j,2
eeuc3vi,2
eekop7y,2
edrr8vr,2
ef306xt,2
ef67tyv,2
eetcca2,2
eeaml3l,2
ee8f04x,2
ef8d7op,2
ee4ug9p,2
eeqeurd,2
edz6of7,2
ee8000u,2
ed1e8vm,2
eduummy,2
edrry0k,1
edasil4,2
eeqw71e,2
eec2nfx,2
edcqkia,2
ee18yk0,2
edtdb5j,2
edzw2mc,2
eelj91o,2
ed68nld,2
ef5c48g,2
educm7h,2
ed9wmic,2
edng0vl,2
efgauvn,2
edgbugz,2
eejk3ze,2
edc6vyy,1
efdz522,2
eec67z4,2
efb06wi,2
eeuxuxb,2
ed5yqmc,2
edw6iq7,2
eenxi3d,2
eec44sl,2
ediok8u,2
ef6pi8p,2
ee9416e,2
edn3n80,2
eddnvb3,2
efcyn8l,2
efaddez,2
ednp5fn,2
ednoko0,2
efev8nq,2
ee85dxp,2
edrognf,2
edezzy4,2
ed4hwr5,2
edf2ecc,2
efb9igj,2
eef997o,2
edykayu,2
ef7hdbf,2
efa0fan,2
eemnkek,2
eeyuon1,2
ee31sx4,2
eep58aj,2
ef7vh6z,2
eeopxrk,2
edc0h4a,2
edphebd,2
eeepdqc,2
edljjza,2
ee4y66r,2
edstjt9,2
edldwd3,2
effgfie,2
edf8b72,2
eds2wtc,2
eest05t,2
eevww2f,2
eeolenz,2
ed6384i,2
ee59qz9,2
ef77ziw,2
edc43fv,2
effyunk,2
edw52vs,2
eeph9pe,2
ef6i885,2
ed2ymg3,2
ee1ixga,2
eduarmr,2
ef7ityh,2
edv32jt,2
eeun2hx,1
eejsemw,2
ef6hhqu,2
ed5kktf,2
ee0ymeq,2
edogatg,2
eesjzcj,2
edde3zh,2
edgjl9l,2
eex1c5k,2
ed2a8al,2
edm13ub,2
edv2ffb,2
eddje9v,2
ed9udb9,2
efg2qtc,2
eeunmyg,2
ee51w6p,2
eexw9gh,2
eemlapj,2
edm1wb0,2
ee2c0ms,2
eeoipmw,2
efgadwq,2
ef6gvdx,2
ee5n06i,2
eei64qt,2
eek1otf,2
eewbgr1,2
ed9zn6s,2
ef4yb05,2
eevvo56,2
een2dpc,2
ediik76,1
edkpn4t,2
edblvze,2
eeyf120,2
ee9npdt,2
ee1wnx4,2
ede5awv,2
een5i2u,2
eelpt0h,2
ef1pfu5,2
edzj808,2
ed4od9b,2
eewt66a,2
ee8bz2n,2
ee3cyfu,2
ee70ehy,2
eda3ina,2
ee02b2a,2
eedn6o7,2
edij11m,2
edkicd2,2
ed6cg27,2
edutv0k,2
eeqqhxu,2
ee7abse,2
ee9ivmp,2
efb9fn9,2
eentwyc,2
efenbxj,2
efc0d37,2
edx5xru,2
efdxnxr,2
eef4a51,2
eeh8smv,2
edavrol,2
edlh6qm,2
edy0kjf,2
edo5i2h,2
efbolqt,2
ed00f1z,2
eda3kjv,2
eexo5ja,2
eeojpfk,2
edjafl5,2
eedyt16,2
edyh4so,2
ee2fcfw,2
ed9df4m,2
ee9v3hg,2
edr35n3,2
eewbwo7,2
edole1u,2
ed9fyxo,2
ef82k2h,2
eex168d,2
ef55zbf,2
efhbv2x,2
ed6xmfq,2
ef68l26,2
ed94pne,2
edfxafa,2
ede4aki,2
ed8khhp,2
eery2ob,2
ee0baj3,2
eeowf30,2
edctm6s,2
ef0hstz,2
eeqswkt,2
edjur8k,2
ed3cxrx,2
eef2uo1,2
edjxoh9,2
ef573tv,2
eeb8opg,2
edi81wo,2
edv8uin,2
eed3xsn,2
eeqee9m,2
eemu89v,2
edtw3vd,2
efci45q,2
edrdm2k,1
eeodrmc,2
eeosy67,2
ees09ei,2
eewv6ge,2
ef306l0,2
ed2y1sj,2
edq6shj,2
ed9ue2q,2
ee7f00w,2
eejj25r,2
edpsii7,2
edl43g4,2
eewh51p,2
eemw7v7,2
ee35w8p,2
eeg678t,2
eeqo5b0,2
ed79019,2
edpvp11,2
eelhx5x,2
ednhajg,2
ee1h9rr,2
edbdq0a,2
ef489tq,2
eev3fc0,2
ee5sn6c,2
ed2km2n,2
ee33ryb,1
eex34rz,2
eeofof6,2
edrzxgp,2
eff37lp,2
ed6c1e1,2
ed0ql0q,2
efaepef,2
ee3squj,2
edenhms,2
ee4yly8,2
ef21tmj,2
ee4dtda,2
ee0mk7b,2
edacevq,2
edsr2ai,2
ee2wmrx,2
eevyhyl,2
eec1k0w,2
ed6t5of,2
efeqmgw,2
edjavbb,2
ef4n0l0,2
efde4i6,2
eegyroi,2
edi09hy,2
eekfc11,2
eed5lv6,2
eesh7my,2
efg3dbn,2
ed4vqr6,2
ed615w6,2
edy5abn,2
eemea69,1
edlnb0y,2
ed928c1,2
ef61qiw,2
efd9c3d,2
edhgiy7,2
edro6qa,2
eebblwf,2
edwegcg,2
ef4iedv,2
edx7bhi,2
ed72bq3,2
ed1ug1u,2
efab2qc,2
eee67bs,2
ef3cehc,2
eezudsb,2
eee0poh,2
edok3d7,2
edpj7fx,2
ed9tqt3,2
ef8w1rn,2
ed9ms37,2
eemtoj9,2
eedbp0r,2
eejhnb7,2
ed24wv0,2
efgspui,2
ed5wybj,2
eeq6y1y,2
edpj392,2
efd6ms1,2
ef3mf5l,2
edxl09m,2
edxvfnc,2
eescgj7,2
eenw11k,2
ed02d1x,2
ee6rjjy,2
eeawchl,2
eeemx8b,2
eey4jh0,2
efgz0v1,2
edokk5p,2
efe8tec,2
eepv2dm,2
ee34jku,2
efbjieo,2
ed5fcfl,2
edh7l7o,2
ed3rkhb,2
eednd1p,2
ef7ajad,2
eeaft7m,2
eepk22x,2
eemkcc9,2
eeuz8wm,2
eexcq19,2
eekjjsc,2
eelojiq,2
ee81dwj,2
eetwkl8,2
ee5hyx7,2
ee2bd3y,2
eec9t9e,2
ed4dvzx,2
ee2h2ew,2
efebidd,2
ed1makv,2
ee0jw71,2
ed73q83,2
ef7vxqh,2
eedujfr,2
ed26xgi,2
ef5d6ib,2
edbe331,2
ef5s6wj,2
ee378gh,2
ef2qz7p,2
efeimxn,2
eecsue5,2
ednqiau,2
edtkqat,2
ee7kjlo,2
ee1xabz,2
eerxnqj,1
edci5bk,2
edocn0z,2
ed5oinn,2
edv18r4,2
ee3u8ry,2
ef71nlv,2
ed1ngvl,2
edisp1l,2
edoezpr,2
ee6t1mh,2
ef49khk,2
ee3bmuk,2
eep4519,2
eeowhvz,2
ef4o0fy,2
eda04we,2
edtp98q,2
efgrsbw,2
edz9zrb,2
edzxabn,2
eemq9ht,2
edogmr4,2
ef1zyty,2
efh3zz4,2
edyhq77,2
eebgz4u,2
eefb58w,2
ee1celt,2
eevxvpw,2
eequf89,2
ef62ims,2
edkw29e,2
eczu8w5,2
edaebjl,2
eesm0my,2
edf74ta,2
ee5geyn,2
ed7dh4p,2
eel6gvc,2
eff7pzf,2
efaqsyg,2
ed3pbjr,2
ed3jpfo,2
eedaizs,2
ef0kvjx,2
eepg6xc,2
ee2lz7x,2
edt5i57,2
eeeawok,2
eelmxhb,2
eef0sgg,2
eemc9ow,2
eeajfyb,2
ed3xinp,2
efdsyn6,2
edtokhc,2
edbmho6,2
ee76yv2,2
edm3fpq,2
ee2lmp7,2
eegyz01,2
eedxig9,2
ee3rwow,1
edruzxt,2
edb4quk,2
effexa4,2
ed67y07,2
ed1og4n,2
ed112rp,2
edpu0ys,2
eedjls2,2
edwiovf,2
edy2t69,2
eeb4gt6,2
eewm6sp,2
eddccdj,2
ed42tzb,2
eehl9ny,2
eehzwpt,2
eeww6nx,2
eetpqmm,2
ee7fp9o,2
ed3k4wd,2
eenvzo0,2
edfjjk2,2
ef36cfx,2
eecjnbm,1
eeewn4q,2
ee3rcgi,2
eedc8e4,2
eel7wby,2
edupzhr,2
ee1irqv,1
eeaxu10,2
ed4lnr9,2
efeddwq,2
edi3q1q,2
ed3e7py,2
eehmyk3,1
eeyf8qs,2
ee9o5xn,2
edx4eyu,2
ed60ev1,2
ee6i2te,2
ee1z4ot,2
ef0xnr3,2
edq3cb1,2
edxsi15,2
ef8h68p,2
eenwmqn,2
edksahq,2
ee3v5ip,2
edf8m8u,2
ees8g9j,2
ee58k8a,2
efdoxw5,2
edcgnfp,2
edin9x8,2
ef71kib,2
ef5ef5e,2
edxo5fh,2
eewwra7,2
eearpfv,2
eer9xuh,2
edxhuz1,2
eettt4j,2
edmu1b6,2
ee4l3dp,2
ef1q97v,2
ee0qlf2,2
edckk2f,2
edv0np9,2
ed8ulgq,2
ee9f5q5,2
eed20a2,2
ed3wu6q,2
eczgpmf,2
ef8350g,2
edjk0sp,2
eeo2hxb,2
ef8ka3k,2
ee2414z,2
eeumb8s,2
eeb3nzr,2
ef89oxm,2
eeneljn,2
eddb1k5,2
efbvurj,2
edybiqf,2
ededl9z,2
ed8q9k6,2
edph5p9,2
ef7lzto,2
ef48n6w,2
edijdrr,2
edxuwmc,2
edilton,2
eeru33m,2
ed4cava,2
ede4r3y,2
eeuezc6,2
edvvn4x,2
edm1coz,2
edyeyss,2
eefl6vm,2
edro3be,2
ednksk3,2
eemi1oe,2
ed7o351,2
edau7nd,2
eepjhwm,2
ef44tgt,2
eegr5vq,2
ef5mlri,2
edvbawa,2
eeihjnw,2
ed3kmcx,2
ed8l08w,2
ed7gq6i,2
eeyygnj,2
edn316d,2
ef944ps,2
ed8v0vd,2
edcpgem,2
ee9ocqa,2
eeaq1fr,2
ef3lmqh,2
eesc3l6,2
edniiji,2
eewkdpq,2
eemrz1h,2
ee1i3ch,2
ed434hs,2
eeeoavh,2
ee2fwv7,2
eezi14e,2
eewnd3a,2
edz2fvk,2
ed4eeci,1
efglkdq,2
eeucrk3,2
edpvd21,2
efbkbcg,2
ee9obom,2
eeai3jd,2
ef810x9,2
eef3uv0,2
edeyiyb,2
ee99qrp,2
ed4pao1,2
eec7js0,2
eednebi,2
ee0xmh0,2
ef227br,2
edvapuo,2
edtdyrn,2
ed6vs5p,2
ee1c3wv,2
edjry3s,2
ef0zkla,2
edyxeuz,2
eeq23lq,2
edxtf6x,2
ef0uegk,2
eeutg6c,2
ef8neoy,2
ee43qkv,2
eea0ojw,2
eey6f5r,2
ed79lko,2
ed8fwc5,2
ee0snkq,2
eex7hcd,2
eexbxzu,2
eehhubf,2
eef1i6z,2
ee0f21a,2
edlp5ed,2
ed60tjw,2
eenomgg,2
ed17nps,2
ee6atyh,2
ef6iece,2
eeorxi6,2
ef207qy,2
eedwd61,2
edj3789,2
eeyvlxh,2
eduyzs1,2
ee85vbd,2
edxakw5,2
edhmbq6,2
ef6pghz,2
ee0n8cl,2
ed6defq,2
eez8dxh,2
effjejw,2
eei3vfu,2
ed84i73,2
eemx6ej,2
ee32rz9,2
edzamkk,2
ef8u43o,2
eebjspc,2
ed7badt,2
ef7dzjr,2
eehd217,2
eeor5go,2
edwganm,2
ef5n94o,2
eea0xl0,2
ee5plk4,2
edvjf51,2
eej7urr,2
ee6ghgd,2
efgpnfi,2
ed74vra,2
eew555c,2
eewz6d2,2
ee7ig4n,2
edxaxrl,2
eexpbb0,2
edm94lo,2
edy47ix,2
ed1ueow,2
eecssg7,2
ee7tetz,2
eeforq2,2
edbfjia,2
edn5amu,2
ee46mk3,2
eczvy95,2
edihyzp,2
ee80ccp,2
edsu9k4,2
eejuopn,2
eeo3gca,2
eegbeoy,2
eenv4a2,2
ee8l1p7,2
edrk3my,2
ed10ppm,2
edyl8o7,2
ed444x9,2
edkoc6s,2
ee5eq4t,2
ed4h64w,2
edex8al,2
ef7lldx,2
efbr6gt,2
edr9zi8,2
edx6edl,2
edqwgq4,2
eejmokk,2
eegzwdv,2
ee5s38g,2
eduu687,2
edys5oa,2
ee0tn3x,1
eeyc8jv,2
ef6njbc,2
edw1eof,2
eeeuyvu,1
eel5tvc,2
ee23cii,2
ed5v2wm,2
eemocqe,2
efgs5y1,2
eeitgej,2
edxadhp,2
ed77b4z,2
ee0bhql,2
ef9r0a8,2
eer96hu,2
eec6n5x,2
edwn175,2
ee6zqu7,2
edcbp40,2
eee4c84,2
edv4wxz,2
edhxeua,2
eda0aw8,2
ee7g95k,2
eea1zrk,2
ef0gdxn,2
ef0641k,2
efd098n,2
ee3bi93,2
eeqngld,2
edyhkt0,2
eenewbj,2
efh2jr6,2
efeafkf,1
eeeq6gn,2
eeydgml,2
eet0mfe,2
ee5kfth,2
ef88t5e,2
ee3vw3c,2
ef0mqh0,2
efc8hdb,2
eel1mhl,2
efe7fba,2
eek63h7,2
edy1blt,2
edwrnys,2
ee96f1t,2
efe93hg,2
eeapmq5,2
ed1ebm2,2
edrtigp,2
edvg0kn,2
ee9gv2t,2
eeagrtk,2
ed1ny47,2
edc7g4q,2
ee3w0az,2
effygvq,2
ee3yx7q,2
edht8mt,2
eeoaxq2,2
eeiafip,2
ef6vwlx,2
ed0tklr,1
eemulxy,2
eeslgjt,2
edzsswp,1
edrr7yl,2
eff5gjy,2
ee56eqg,2
eeqiawh,2
ef7bmss,2
edks3oc,2
efh0jsn,2
efbj4rj,2
ef1mymu,2
edjdkf5,2
eegbsuu,2
eddrnb8,2
ed37gta,2
eeowejn,2
edqxyoa,2
edjzyog,2
edit49m,2
efawrcx,2
ed6a4i8,2
eea5pxa,2
ef3sbhn,2
efgcb3m,2
eeubbji,2
eeoj482,2
ef2t7sf,2
ef7cux0,2
edx6nrl,2
eetk1un,2
eda6qjq,2
eepppvq,2
eejdbje,2
ee1sxvh,2
ee50jt5,2
edkdihp,2
eel1rxr,2
ef4mjsb,2
edfsmzk,2
edlqazg,2
eecuw98,2
ed3qgqr,2
ed0hx3c,2
edh5xcp,2
edfjbsv,2
ef904sf,2
ef57a6m,2
eeq5kwd,2
eei9ulh,2
ef9cndo,2
edgd39v,2
eey7n78,2
ee0szvv,2
eeav360,2
eedcavj,2
ee8qlsa,2
ee5tutw,2
eeb3512,2
eeq0m67,2
ed4ku2r,2
ef7o622,2
ef7z1fg,2
ee4uhtr,2
eeznzou,2
ed1dn4h,2
eer4kns,2
eedw8w1,2
ef1whxw,2
ed8wsri,2
edl2j6w,2
ed8ffzr,2
ee2wv2d,2
ee81vym,2
edxqxav,2
eex5mlz,2
eebprli,2
eeeved3,2
ef0gn36,2
ef39akv,2
ee44c4t,2
eevwgbf,1
edyeci4,2
ed4q0lh,2
edq37to,2
ef2u6pi,2
ediybfk,2
edkpf4f,2
ed382sk,2
ee43wyk,2
edlsvuq,2
edoqd1w,1
ef0p7sa,2
edcfzs2,2
edvaeny,2
edkurfd,2
ed3zqsk,2
edh8vzz,2
ed9wkp5,2
ee3q2de,2
eekx2ke,2
ef8ce1b,2
edh2lj3,2
ee3lyx4,2
efapg86,2
ed34gd9,2
eenlv5q,2
eesyu4o,2
edil7ur,2
ef260x3,2
ed0w5cy,2
ed2qbu3,2
ef7qlbk,2
eez9uly,2
eebm6w1,2
edum01o,2
ee0og3x,2
efh5101,2
eemgcwq,2
efb68h1,2
ee66woa,2
eev8kvj,2
eduxauh,2
eeb7yyx,2
eekw0q6,2
edh888r,2
edqc8g7,2
effnh21,2
edvdax7,2
efh2zyi,2
ef09k1c,2
ed5cm4y,2
eejzggs,2
eedpzts,2
effv230,2
eddz40h,2
edfib5q,2
ed8ooc0,2
edv2ae3,2
ed21g9d,2
ee07zk4,2
edht2xa,2
efckq79,2
eetq6oz,2
eeofpo4,2
edxtgba,2
ed4qthk,2
ef4gvyz,2
edhqh3o,1
eeu1juv,2
ee2k304,2
edv2d8x,2
ee9hz7z,2
eczi9zh,2
eewnri9,2
ednxvsk,2
ed1m9qs,2
eczv2wl,2
edo7suu,2
eemkiob,2
ef2bhh3,2
edrmoix,2
ef8n2u0,2
eeefyb7,2
eez8mcs,2
ed6s1nx,2
ed4jqtd,2
efbq8a9,2
ee1h7ek,2
edjdfvk,2
edyqc3h,2
eegaw36,2
edv68xx,2
ee4veor,2
edd61a0,2
eczurtb,2
ee9taob,2
eduza9g,2
ed8ticq,2
eczrw44,2
eey3f5v,2
ef12fto,2
ede8oka,2
ednia43,2
ee9pz8l,2
edmtgh8,2
ee85x10,2
edq0z5k,2
eeennsq,2
eeykr1i,2
ef3uv4r,2
eeeyja9,2
eebpnru,2
eeewlu4,2
eez9h34,2
ee1mjff,1
ee6ufyv,2
efb3lzj,2
eeodyop,2
ed39nre,2
edcmhdm,2
edxxkuo,2
ed4axuw,2
eezn3dp,2
eev7uaa,2
efdygcn,2
eetg179,2
eef6yci,2
eec307i,2
ed9l4he,2
eeqxy36,2
eeexq49,2
ed27wzj,2
ef6togf,1
ed8ur86,2
edailsk,2
eehbavs,2
edkivyb,2
ef1011o,2
ef55nxl,2
ef8ilhi,2
ed3kh4x,2
ee8avwj,2
ef3js3g,2
edav3nu,2
ee53apc,2
ef6fvc0,2
edwr3tn,2
eegdaz7,2
ee6e7v1,2
ede1kgs,2
eew9qo8,2
edv4tod,2
eegw2rt,2
eegsyq7,2
ef87omk,1
ef4bheg,1
edrs8h6,2
ed7s299,2
effij8h,2
edi69b8,2
ee17m8h,2
ee1q5e3,2
edju0rv,2
eeogs46,2
eeq8gpn,2
edmsc0r,2
ed1pn0a,2
ee94eqf,2
eezijw8,2
ee4xtns,1
edtu6d0,2
eec4eho,2
efammr2,2
ee47dou,2
eeglcky,2
ee0s1ge,2
eeoobnf,2
eeavbvu,2
ef1z9gq,2
eehnomu,2
efgxg5l,2
eddrwkm,2
efamnsp,2
ede1w2h,2
edor8sj,2
ee7kbjr,2
ed1cmp1,2
edbgogf,2
ef8pkqf,2
eecednp,2
ee0o87x,2
ed0kepy,2
ef8ajpn,2
eeeutdy,2
ed2wx1f,2
efbyyf1,2
ed8t5xd,2
ed5ed1c,2
ef7imk1,2
ed22wuz,2
edauwr3,2
efenssd,2
ef2hq2o,2
efbdgaa,2
eelju7z,2
ed0ww1z,2
eej9i84,2
efbkuu9,2
eeu22fs,2
edy4csh,2
efdlrvn,2
ed0amsx,2
edqhxs2,2
ed4n2ta,2
ee6r82h,2
ee77awx,2
ed0papr,2
eej0hww,2
ed01yr6,2
efedj58,2
ef7v3zm,2
ed9ffyc,2
edm9nqp,2
edq6kuk,2
ef78h68,2
edjqi60,2
eeu1ol7,2
edt11nf,2
edjijts,2
ef2jbvv,2
ef5pvks,2
ed2g98d,1
ednn13v,2
eda0645,2
eeyv22z,2
edx3eg2,1
efex9wp,2
edzea5v,2
ed1asht,2
edmkd4a,2
eeuhpz2,2
ed0qzks,2
edm3k6w,2
edoptyy,2
ed3r1ci,2
eeyf2y9,2
ed52ph9,2
edpz3sp,2
edw9jvd,2
edjin31,2
eeep7ds,2
edtfb89,2
edp7aw5,2
edj4ksx,2
ed2deff,2
edbha86,2
eebx5zk,2
ef38h6x,2
eeekpbx,2
eexxtac,2
ef13v3s,2
ef81uv3,2
ee8b1w1,2
eeoldjs,2
eethp96,2
ee7mork,2
edevq1p,2
ed4bk1i,2
ee3o6qp,2
ed8649i,2
eeaj0wg,2
ee931e5,2
edtt02x,2
edezsgg,2
edm3hny,2
eeigchu,2
eczkeuw,2
edfjpdp,2
ef7nz1j,2
ed5aniw,2
ed7lqu4,2
ednnjnp,2
eeibzrz,2
ed6b050,2
edd7tbi,2
edqvg11,2
eep7pq6,2
edvxgcv,2
edo3dvr,2
edfg20b,2
ef0m6zi,2
eeywjul,2
edu0nzl,2
eecs4a5,2
edzubln,2
edp69y9,2
eez4lf6,2
eezeu0b,2
eer0vbd,2
ef90fsm,2
edpndh6,2
ee691bd,2
efew73j,2
eej9y06,2
edsx5yc,2
edio3x8,2
eenykq6,2
edx2gt9,2
eer9er2,2
ee0b7j2,2
eeh8252,2
eepxtda,1
eegmdua,2
ed4051t,2
eeu8rva,2
edxix8r,2
ed3bsvw,2
eecprap,2
eeifdec,2
ed7euhq,2
ed1ps1q,2
eelmgwr,2
efgkvc3,2
ed04mvt,2
eexb0l8,2
ee29eoe,2
eea0uhn,2
ef56jji,2
ed8m8b5,2
eeg8ixc,2
eer7zif,2
eeq8sim,2
eefxhdq,2
edh1r0f,2
eekmrq2,2
ef7t1g4,2
eepzfqx,2
edoz6ot,2
ed4thnt,2
eegkt3c,2
ef467kn,2
ed6yq3l,2
edp44sl,2
edtx20q,2
eeodtym,2
edga80z,2
efggsxt,2
efcqrwl,2
eddplp2,2
eefjh2w,2
eeqcwbt,2
eeslqsd,2
ee3m4uf,2
ef4n0st,2
edplox2,2
ef3u2v9,2
eeru3i3,2
edqpmhy,2
ee8ozhk,2
eet7ytc,2
edu4ett,2
edhbcb6,2
edmw4gt,2
eetw30p,2
edp0edw,2
eduq7zh,2
edixxmc,2
effrtug,2
edyh8s2,2
ef0ct3y,2
edmjehl,2
eecr9rx,2
eebjh29,2
ed6jp9y,2
edgd8ab,2
edxzr6f,2
eedv1kt,2
eevsay6,2
edqwf6e,2
ee87c56,2
edcj6in,2
ef06qyx,2
edo5jvw,2
ediobaw,2
ef53hlc,2
ed37h7e,1
eed6pul,2
eeombnr,2
ee9ptog,2
edy8htv,1
edvintk,2
eesu3gk,2
edmrelx,2
ee5y5vn,2
eeqreth,2
eelmd52,2
eentofs,2
eeb8vyw,2
eehx5h3,2
eefrjg6,2
eezn6xy,2
eetgbzz,2
efea366,2
ee3bf7i,2
eff82dv,2
efeg5la,2
efdtoze,2
eczz3bv,2
edd5oy9,2
ee2f8ag,2
eezot9b,2
ef7giud,2
eek5v3n,2
edad65q,2
eff8j3o,2
ef0rogo,2
edm9hfy,2
ee0ga2a,2
eed1eqi,2
ef44i8b,2
edagyiv,2
edqy1eu,2
eeol5ag,2
edblik9,2
efddq7w,2
edqwurc,2
ed8c3bc,2
eeg9hgy,2
ed7am0u,2
ee5h3zn,2
eeovqee,2
ee9c01w,2
ef3t7eu,2
ef1bteo,2
eekwn39,2
edp35u2,2
edq2xi8,2
eexggk3,2
eedjvwa,2
effmea5,2
ee2kbgz,2
ee0q3qq,2
ee7szwg,2
ee3coul,2
efdj26n,2
edpoidl,2
ef5k88t,2
eemy1rp,2
effj051,2
eeqzh5y,2
ef64yhq,2
edd3p8l,2
eep2mz3,2
ef7l80d,2
edne228,2
eedq81m,2
eesldw9,2
eelcos4,2
ef0vhlz,2
eex5kzf,2
ef5pnfa,2
ed11zaf,2
eevyfss,2
effb4h4,2
ed2coww,2
edou9ti,2
efgmt4t,2
eel5kvw,2
efbe3ir,2
ef27377,2
eer2gzs,2
efd0gju,2
ef0p04d,2
efh8jqz,2
ef9zipz,2
ede2f93,2
edcmeyf,2
ed709tq,2
ee2jklo,2
eecxrcj,2
eealynd,2
edit7k9,2
ee9u29n,2
ednhjzq,2
edfpohc,2
efeo5e9,2
efbo6ha,2
edrhrs3,2
eechzlw,2
ed78e1j,2
ee195qe,2
ed1klqm,2
eevb11y,2
ef4tq5i,2
ed7hzmm,2
efexw52,2
edpytqx,2
effpwl4,2
edktr0w,2
ef4h3qq,2
eeid207,2
edoyp5l,2
eeajj81,2
ed5pc18,1
effdfzp,2
eem15yy,2
edsc5ec,2
edtzjsy,2
edwu4uz,2
ee06v1a,2
ef8shfb,2
eezrqk8,2
ee5gb4z,2
ee220c3,2
eet6kwh,2
eepsb1c,2
edlu9gc,2
ee9qgmz,2
eelphu9,2
eepsm4t,2
ee5aiaf,2
edwi7fb,2
edkcqyg,2
efauuct,2
ed5zums,2
eeovi8o,2
ed36ckq,2
ee7tnfb,2
edc10qa,2
eeytpei,2
edk6n0d,2
ef3a7ut,2
edr26ht,2
ed03b4e,2
edupgkz,2
ee7wqdn,2
edhojcr,2
eda5psl,2
edig1al,2
edtokvo,2
ef90jxv,2
eehg216,2
edc3gie,2
eebzvi7,2
edl1b63,2
ef56wu2,2
ee6hs0y,2
eer0l81,2
ef479ft,1
efewb3z,1
ee9fxeq,2
edtzrwa,2
ee7sn8z,2
eeqxzbe,2
ed4ucik,2
eelllqz,2
eean2zq,2
edvjecd,2
ef284g2,2
ef61adx,2
ees6odw,2
ed2l4tm,2
eeart9p,2
effb3xa,2
eeq2ol7,2
edtb6ic,2
efeudzj,2
edtx3tm,2
ed1suhl,2
ef3kafo,2
efb6bek,2
ed92uex,2
eexwkff,2
ef86cyu,2
edg09jn,2
eds3cta,2
een0kl9,2
ed5yqm1,2
eea9sdh,2
eddcyu6,2
eebh27v,2
ed9l6ax,2
eekkvyt,2
ednjjfw,2
efdnxo4,2
efda0cr,2
edk0few,2
edv8n83,2
edfng7n,2
ef6itkp,2
ef5abni,1
eeer0g6,2
ed8latb,2
eeeaz5f,2
edd1pob,2
edk9ml9,2
edk73v6,2
eemovlk,2
ed67u8n,2
eee4q1a,2
ee7axrq,2
eeg4s9z,2
edqc4pd,2
effr71n,2
eew5zae,2
eczq1hv,2
efcj6pq,2
eeekdrk,2
edascrb,2
ed327us,2
eeiaq8f,2
edon9bp,2
edi5rw3,2
edg71be,2
ef0qb0q,1
eek1d82,2
ee3n55t,2
edc4zh4,2
eff1lkv,2
efe4n7o,2
edmo7rb,2
ee3hre7,2
edap5be,2
eem7r6s,2
ed90t83,2
edzq4v1,2
eexuojy,2
edfshhq,2
edk1o7f,2
ed5jn30,2
ef8nrvz,2
edj4oiq,2
ee1nqb6,2
edbx4u5,2
eexcxg1,2
edn5avp,2
eecwbwc,2
eemyqdp,2
eeiiqlz,2
ee8vwax,2
ed37lbm,2
efg5mwk,2
eemqpdd,2
ef390aa,2
edkdj2w,2
ed6wtck,2
edaxxw5,2
ef0kf9c,2
eernvrs,2
ed2vxqv,2
ed1ei38,2
edszr50,2
eesquhb,2
ef4fyo8,2
eec529m,2
effjj8j,2
ee6u89c,2
ed5u5a3,2
ef10zjt,2
eeb36zh,2
edice5s,2
edybjan,2
eemrxwj,2
ees15wy,2
efao2wu,2
eetbwh4,2
eednj6o,2
eetj1tt,2
eeg4b15,2
ed4biz4,2
eev20yz,2
ed0yjud,2
edmc180,2
edv22sq,2
ededdtl,2
eel30l7,2
eeuyjg4,2
eeyhcku,2
eep6zs7,2
edgglbq,2
eemv9zf,2
edxl9kg,2
eelcy2f,2
eemx7ha,2
eepexqe,2
efdbzlh,2
efey6fv,2
ed1b5wt,2
eeu8x1w,2
eemt3od,2
efeqj79,2
eetxay3,2
eetbl4a,2
ee2r1hj,2
eemdivq,2
ed4jdzb,2
eegkuln,2
efeh6r6,2
ef8yiky,2
ed3tsk1,2
ee6nn11,2
edhevq5,2
eczbh7y,2
eeayoqf,2
ee2nfh1,2
edrbi3g,2
eenxh4a,2
efdhxp7,2
edo6sjr,2
ed1ekdw,2
ed1fij7,2
edan7br,2
ed2tnn8,2
edrzs62,2
eet2tg1,2
edbt845,2
eeqpwv9,2
ee3srsc,1
ee2csix,2
edaxsez,2
edfayxy,2
ef34u9f,2
edbf2di,2
efdyiuk,2
ee64brf,2
efakfxt,2
edt6j36,2
ed01hr6,2
ed6z0gb,2
ed2dn1w,2
ed0cuu4,2
ee32d6z,2
efbbppy,2
eepp6hl,2
eeyza0p,2
ed0rrki,2
effms12,2
edzdgez,2
efeuisv,2
edbya1k,2
edy01s0,2
eeasphz,2
efexezu,2
ee2gdxw,2
edf3boq,2
edadzew,2
ed2io8u,2
ee8sa3f,2
ee32myz,2
ee3nv63,2
eczh865,2
eewdejt,2
eemopjf,2
eed6b5e,2
ee50l89,2
edlj2ki,2
ed3euau,2
eezopae,2
edgoguw,2
edjfqic,2
ef6d7wy,2
eewzhtq,2
efgnehd,2
eero0g4,2
ef0z8va,2
eeqbhhk,2
eelkg0v,2
eei9aam,2
eeou6h5,2
ef8jrn5,2
ee9wn1i,2
ef1rlcr,2
edx6fjb,2
eep3h2m,2
edjgxu5,2
eczjleg,2
ed0p5il,2
eep9bqw,2
ee8zowv,2
eedegbl,2
een3tbi,2
eerrsai,2
ed101qb,2
edot6go,2
ed0uhux,2
edr92fs,1
eeju6ax,2
eegqhym,2
ed6yg6i,2
efg2bx0,2
ed39pp7,1
ed7uezu,2
edwbhlf,2
ef7jn62,2
ed68ubc,2
eeif2r3,2
ef5dcm0,2
efe1e5f,2
edffu2q,2
ef2jd5b,2
efdtfe5,2
edfm1pt,2
ed5x12x,2
eewh4gb,2
ee8g9sx,2
edu2bx5,1
eeuhgqn,2
ef2ut61,2
edrj7db,2
ef4551d,2
ee6vb9c,2
ed4i43g,2
ee996p2,2
eehwiip,2
eefbrn3,2
ef1r2so,2
efds0m6,2
ed97v95,2
ef1o4rg,2
eebhbkh,2
eekafvi,2
edph3vq,2
eduo7pu,2
edem34j,2
eeo3w87,2
edwiska,2
edvvtsq,2
edebpek,2
eeqwz7k,2
edwu9ej,2
eeb40i2,2
ef9h4sz,2
ee1risx,2
edp2ztu,2
edktoa2,2
eeym93s,2
ed2e609,2
ee0jjkm,2
eeash63,2
ef75kh0,2
edcp8f5,2
ef6g9dl,2
eey8uxi,2
edoyoqy,2
ee4t9ey,2
ef12e0z,2
ee7ru1a,2
efe8thz,2
eegk0xr,2
ee3b45l,2
efdlk3r,2
ed96gtz,2
eej0p9v,2
